DATE,OPEN,HIGH,LOW,CLOSE,TICKVOL,VOL,SPREAD
2015.11.09,1090.33,1095.59,1088.31,1091.95,90911,61816823,24
2015.11.10,1092.27,1094.79,1085.22,1089.60,78402,53572570,24
2015.11.11,1089.88,1093.58,1083.63,1085.84,81301,55593287,24
2015.11.12,1086.50,1089.52,1074.08,1084.90,100179,66398338,24
2015.11.13,1085.00,1088.54,1079.57,1083.54,112851,75949073,24
2015.11.16,1088.11,1098.01,1081.06,1082.68,110988,78436750,24
2015.11.17,1083.85,1085.01,1065.44,1070.06,107652,75365154,24
2015.11.18,1071.57,1075.39,1064.64,1070.87,113223,75616756,24
2015.11.19,1071.57,1087.38,1069.46,1082.04,113813,75828291,24
2015.11.20,1081.90,1088.01,1075.76,1077.98,109573,82581759,24
2015.11.23,1076.15,1076.65,1066.62,1068.92,112286,76616244,24
2015.11.24,1069.07,1081.01,1068.93,1075.31,104757,68919866,24
2015.11.25,1075.69,1080.74,1067.83,1071.10,83010,54311273,24
2015.11.26,1071.18,1074.80,1069.60,1071.65,49265,30767997,24
2015.11.27,1071.76,1073.73,1052.67,1058.04,75931,54356067,24
2015.11.30,1058.29,1069.68,1053.13,1064.37,87131,53126700,24
2015.12.01,1064.81,1074.58,1063.18,1069.24,88831,59203998,24
2015.12.02,1068.87,1071.36,1050.58,1053.49,96810,67447317,24
2015.12.03,1053.84,1065.39,1046.23,1062.10,134210,84376567,24
2015.12.04,1063.35,1088.78,1058.07,1086.76,144622,91121606,24
2015.12.07,1084.82,1086.55,1066.11,1070.76,131150,84289047,24
2015.12.08,1070.96,1079.03,1067.57,1074.52,125801,80153084,24
2015.12.09,1074.53,1085.30,1069.29,1072.67,125041,87266618,24
2015.12.10,1072.20,1076.42,1069.35,1071.21,116928,76769091,24
2015.12.11,1071.75,1079.53,1062.36,1074.66,129556,91039718,24
2015.12.14,1073.72,1077.48,1058.53,1060.12,112737,77040980,24
2015.12.15,1061.16,1068.60,1058.89,1060.80,111635,69136685,24
2015.12.16,1061.21,1078.27,1060.83,1072.18,108314,64029948,24
2015.12.17,1071.97,1072.84,1047.58,1051.55,117110,77547248,24
2015.12.18,1050.92,1071.49,1050.84,1065.85,103210,70498922,24
2015.12.21,1066.16,1081.71,1063.91,1078.28,101161,65433090,24
2015.12.22,1078.06,1080.69,1071.69,1072.60,88689,57077564,24
2015.12.23,1072.87,1075.43,1068.26,1070.20,74958,50041021,24
2015.12.24,1070.36,1076.74,1070.02,1076.05,56102,32746707,24
2015.12.28,1075.86,1076.86,1066.37,1068.90,87797,61608517,24
2015.12.29,1068.80,1075.17,1067.43,1068.62,92881,55106529,24
2015.12.30,1069.01,1072.01,1059.33,1061.08,63758,42273974,0
2015.12.31,1061.37,1063.46,1058.13,1060.91,65469,41647211,24
2016.01.04,1064.88,1083.44,1061.66,1074.43,146168,84194847,24
2016.01.05,1073.15,1081.90,1072.56,1078.07,124692,73250314,24
2016.01.06,1077.75,1095.13,1074.89,1093.01,138043,80639263,24
2016.01.07,1093.59,1110.01,1091.33,1108.93,185177,119648301,24
2016.01.08,1108.62,1113.12,1091.78,1103.85,165997,114617793,24
2016.01.11,1107.40,1108.42,1094.20,1095.40,144178,90442854,24
2016.01.12,1095.19,1099.14,1083.41,1089.48,143643,96419261,24
2016.01.13,1087.48,1095.40,1079.71,1093.65,138239,88949537,24
2016.01.14,1093.24,1095.15,1071.33,1077.18,154005,104642604,24
2016.01.15,1078.22,1097.34,1076.20,1088.72,164366,105557122,24
2016.01.18,1090.14,1093.22,1087.47,1088.88,108815,69358458,24
2016.01.19,1089.43,1094.45,1082.45,1087.18,169169,110976991,24
2016.01.20,1087.77,1109.56,1087.52,1100.83,190135,108379635,24
2016.01.21,1100.93,1104.44,1092.36,1101.16,193393,121860775,24
2016.01.22,1101.12,1102.78,1093.97,1097.78,149487,93944959,0
2016.01.25,1097.73,1108.88,1097.13,1107.67,128236,78481640,0
2016.01.26,1108.26,1122.84,1106.91,1120.09,138683,80889441,0
2016.01.27,1119.87,1127.94,1114.81,1124.76,137199,82232433,0
2016.01.28,1125.57,1125.75,1111.49,1114.28,133401,80891601,24
2016.01.29,1115.33,1118.38,1108.32,1117.99,138404,80361159,24
2016.02.01,1115.86,1129.65,1115.86,1128.37,139905,91562792,24
2016.02.02,1128.08,1131.00,1122.25,1128.62,128083,82289988,24
2016.02.03,1128.12,1145.45,1124.33,1142.34,181192,113969209,24
2016.02.04,1141.56,1157.29,1139.51,1155.36,203585,130933765,24
2016.02.05,1155.50,1174.40,1145.15,1173.06,186487,122883656,24
2016.02.08,1168.46,1200.81,1164.23,1190.02,190763,114709290,24
2016.02.09,1190.68,1198.82,1185.59,1188.76,194216,119514134,24
2016.02.10,1189.41,1197.65,1181.40,1197.41,182466,124830695,24
2016.02.11,1196.72,1263.34,1196.72,1248.70,185283,122716349,24
2016.02.12,1247.92,1248.19,1232.37,1238.13,165315,104473238,24
2016.02.15,1232.00,1234.76,1202.13,1209.07,94178,56870970,24
2016.02.16,1209.06,1216.90,1190.80,1199.53,172139,114509478,24
2016.02.17,1202.54,1213.66,1195.60,1208.31,172778,117545105,24
2016.02.18,1208.01,1239.84,1200.64,1230.65,170619,104926585,24
2016.02.19,1231.06,1234.44,1219.87,1227.29,140207,97646710,24
2016.02.22,1224.92,1226.16,1201.83,1208.42,113870,73429722,24
2016.02.23,1209.07,1228.10,1207.10,1226.44,101351,69040308,24
2016.02.24,1227.03,1253.24,1221.76,1229.17,149975,101306697,24
2016.02.25,1226.79,1242.71,1221.04,1233.20,166869,120735622,24
2016.02.26,1232.34,1240.25,1211.39,1223.32,120019,83236496,24
2016.02.29,1218.98,1241.00,1217.23,1238.30,136668,90575658,24
2016.03.01,1239.05,1248.47,1227.10,1231.57,143242,96649736,18
2016.03.02,1231.35,1243.98,1224.68,1240.09,114608,80838856,24
2016.03.03,1241.45,1268.24,1237.34,1265.51,150269,109862019,24
2016.03.04,1262.38,1279.71,1250.43,1258.78,159469,115322874,24
2016.03.07,1259.79,1273.10,1256.65,1267.22,135619,88282054,24
2016.03.08,1266.42,1278.04,1260.15,1261.50,128480,86521306,24
2016.03.09,1261.61,1264.88,1242.91,1252.88,108836,81651700,24
2016.03.10,1252.70,1273.27,1236.99,1271.98,119537,80771463,24
2016.03.11,1269.91,1283.36,1248.16,1249.23,115894,85895528,22
2016.03.14,1251.44,1261.01,1229.30,1235.00,76556,54162083,24
2016.03.15,1235.18,1238.00,1225.60,1232.44,87463,64122909,24
2016.03.16,1232.78,1263.86,1226.64,1262.04,110458,77508996,24
2016.03.17,1259.46,1270.84,1254.33,1257.72,145518,100837753,24
2016.03.18,1258.68,1266.88,1247.78,1255.04,112531,78129727,24
2016.03.21,1254.55,1255.32,1240.54,1243.44,86977,61499206,24
2016.03.22,1243.57,1260.12,1242.31,1248.00,98128,65596365,24
2016.03.23,1247.72,1249.31,1215.31,1220.13,82257,63940529,22
2016.03.24,1222.61,1223.71,1211.95,1217.12,70495,52438295,24
2016.03.28,1214.30,1223.05,1208.15,1221.34,53591,42096245,24
2016.03.29,1220.80,1242.90,1215.24,1240.72,87832,65066849,24
2016.03.30,1241.41,1243.99,1223.18,1224.46,71663,47842857,24
2016.03.31,1225.85,1240.32,1223.75,1232.44,70316,42947893,24
2016.04.01,1231.56,1235.21,1208.93,1222.16,85293,65569708,24
2016.04.04,1220.30,1222.54,1214.56,1215.55,65611,48687168,24
2016.04.05,1215.70,1236.74,1214.69,1230.47,77987,54437385,24
2016.04.06,1230.41,1232.10,1216.64,1222.03,77187,60355884,24
2016.04.07,1222.95,1243.19,1222.64,1240.60,91066,60124538,24
2016.04.08,1239.37,1242.60,1229.54,1240.49,76674,57629628,24
2016.04.11,1244.78,1258.78,1243.93,1257.51,94207,71745412,24
2016.04.12,1256.15,1262.54,1251.11,1255.41,79903,60987893,24
2016.04.13,1255.62,1256.63,1239.71,1243.16,81251,58928278,24
2016.04.14,1242.43,1244.04,1223.77,1226.33,91796,68279584,24
2016.04.15,1227.36,1235.79,1225.20,1233.73,70227,50638608,24
2016.04.18,1234.66,1241.55,1230.04,1232.57,76137,59467127,24
2016.04.19,1231.77,1256.62,1227.66,1250.21,89050,56585005,24
2016.04.20,1249.69,1257.91,1242.34,1243.70,83005,59853599,24
2016.04.21,1243.77,1270.19,1242.78,1248.77,104691,71640523,14
2016.04.22,1247.66,1252.48,1227.32,1232.73,93741,68197412,24
2016.04.25,1232.22,1242.23,1229.94,1237.50,71029,51879825,24
2016.04.26,1237.83,1244.79,1231.27,1243.68,65550,55450744,22
2016.04.27,1242.81,1252.65,1239.34,1245.98,79779,77274543,15
2016.04.28,1245.40,1269.47,1237.68,1266.29,96276,69892613,24
2016.04.29,1265.94,1296.62,1264.91,1293.68,96260,74812175,24
2016.05.02,1292.65,1303.65,1287.56,1291.24,99573,85225652,24
2016.05.03,1292.09,1301.69,1282.19,1286.33,102238,85069093,24
2016.05.04,1285.54,1289.74,1271.71,1279.71,98352,76324451,20
2016.05.05,1279.62,1286.37,1268.79,1278.09,96196,73584762,24
2016.05.06,1277.49,1295.47,1274.38,1288.80,102388,74610613,24
2016.05.09,1284.19,1287.46,1261.21,1263.09,97003,72420823,24
2016.05.10,1264.03,1269.61,1256.78,1266.15,91871,70421653,24
2016.05.11,1266.06,1279.02,1264.72,1277.12,87560,64628869,24
2016.05.12,1277.49,1280.78,1261.78,1263.42,93154,74639910,19
2016.05.13,1264.09,1276.26,1262.88,1273.30,90666,69340509,24
2016.05.16,1272.72,1288.62,1270.92,1273.62,92709,71277876,24
2016.05.17,1274.08,1282.27,1269.02,1279.26,94512,73289625,24
2016.05.18,1280.28,1281.27,1254.97,1257.88,103039,84100564,24
2016.05.19,1258.63,1261.23,1243.66,1254.20,100952,78773244,24
2016.05.20,1255.67,1260.12,1248.74,1251.91,82646,63225307,24
2016.05.23,1250.34,1255.94,1243.08,1249.00,78212,62606635,24
2016.05.24,1248.74,1252.09,1226.19,1226.70,86416,71186997,24
2016.05.25,1227.47,1230.08,1217.74,1224.33,84697,68704164,24
2016.05.26,1223.38,1234.17,1218.30,1219.62,86862,68355782,24
2016.05.27,1220.13,1223.50,1206.67,1211.64,80518,59196682,17
2016.05.30,1212.93,1213.36,1199.62,1207.40,62275,51340429,24
2016.05.31,1207.08,1218.15,1207.03,1215.08,83400,63183232,24
2016.06.01,1216.02,1220.32,1205.91,1212.57,73712,57605489,24
2016.06.02,1212.84,1217.57,1209.75,1211.03,80205,64955577,24
2016.06.03,1210.32,1244.59,1206.85,1244.51,95631,70933431,24
2016.06.06,1244.00,1248.65,1239.92,1244.89,85410,68013175,24
2016.06.07,1244.94,1246.53,1234.72,1244.29,69612,54056927,21
2016.06.08,1244.63,1264.31,1242.98,1261.84,80598,59344033,24
2016.06.09,1261.60,1271.68,1256.74,1269.32,73697,59460063,21
2016.06.10,1269.28,1278.09,1264.51,1274.07,79722,65498089,24
2016.06.13,1274.69,1287.09,1272.35,1283.87,91171,70441259,24
2016.06.14,1283.26,1289.73,1276.31,1285.87,76419,56835696,24
2016.06.15,1284.83,1296.76,1278.38,1291.51,83156,64680980,24
2016.06.16,1293.17,1315.54,1277.97,1278.75,137515,104770521,24
2016.06.17,1278.98,1299.50,1276.48,1298.55,92427,67142673,24
2016.06.20,1286.09,1292.20,1277.93,1289.75,83392,67831187,24
2016.06.21,1289.73,1294.12,1264.44,1267.18,94042,75295404,24
2016.06.22,1269.60,1270.60,1261.13,1266.06,71310,59604278,24
2016.06.23,1263.54,1271.38,1254.37,1255.96,79791,59366382,24
2016.06.24,1253.05,1358.25,1250.34,1315.67,222646,109683461,24
2016.06.27,1326.11,1335.23,1317.57,1324.88,207364,113857441,24
2016.06.28,1324.04,1325.94,1305.40,1312.01,179206,85348878,24
2016.06.29,1311.83,1327.78,1311.41,1318.60,145541,83027699,24
2016.06.30,1317.62,1324.06,1312.73,1321.58,154092,90712995,24
2016.07.01,1322.58,1344.49,1320.47,1342.28,142338,79818973,24
2016.07.04,1339.61,1357.31,1339.50,1350.83,100936,45590569,24
2016.07.05,1349.21,1357.38,1338.05,1356.03,171227,104362111,24
2016.07.06,1356.93,1375.05,1355.94,1363.68,151669,105750556,24
2016.07.07,1362.58,1370.65,1350.69,1360.28,179163,122038992,24
2016.07.08,1359.21,1370.18,1335.17,1364.93,160798,114887781,24
2016.07.11,1368.43,1374.83,1350.57,1354.57,199384,119529243,24
2016.07.12,1355.19,1357.59,1330.31,1332.68,173382,93932745,24
2016.07.13,1333.88,1345.17,1327.46,1342.48,172647,108093228,24
2016.07.14,1342.93,1347.03,1320.08,1334.53,201433,118993814,24
2016.07.15,1335.38,1338.64,1322.41,1338.29,165966,102371833,24
2016.07.18,1334.11,1335.36,1323.38,1328.37,141084,88375515,24
2016.07.19,1328.15,1334.89,1325.45,1331.93,150346,93713520,24
2016.07.20,1332.17,1338.25,1312.53,1315.34,144970,94057470,24
2016.07.21,1313.87,1333.79,1310.77,1331.12,148769,108733164,24
2016.07.22,1330.84,1333.75,1319.58,1322.39,129787,103991368,24
2016.07.25,1321.77,1323.69,1312.25,1315.76,104376,75897109,24
2016.07.26,1315.22,1324.46,1313.76,1320.20,107188,81855013,24
2016.07.27,1319.27,1342.32,1315.67,1339.46,129785,94621266,24
2016.07.28,1338.41,1345.52,1332.36,1335.32,130598,87700237,24
2016.07.29,1335.37,1354.90,1328.27,1351.11,160832,99424452,24
2016.08.01,1350.61,1354.77,1346.17,1352.73,110164,81871862,24
2016.08.02,1353.03,1367.21,1347.01,1363.67,125971,93024178,24
2016.08.03,1363.17,1366.33,1354.07,1358.15,114393,73685599,24
2016.08.04,1357.65,1364.93,1349.05,1360.96,121496,86849783,24
2016.08.05,1360.97,1364.59,1334.61,1336.87,118610,80123694,24
2016.08.08,1332.89,1338.20,1329.77,1334.97,116933,74794416,24
2016.08.09,1334.94,1342.51,1330.42,1340.45,103197,69594569,24
2016.08.10,1339.96,1357.11,1339.87,1346.00,132126,90446756,24
2016.08.11,1346.97,1353.22,1335.68,1338.46,110730,82114002,24
2016.08.12,1338.02,1356.27,1333.08,1336.58,125937,103406586,0
2016.08.15,1337.13,1343.73,1335.70,1339.20,85943,75049429,24
2016.08.16,1339.60,1357.94,1339.24,1346.37,119844,106301391,24
2016.08.17,1345.52,1351.57,1335.57,1348.44,112144,99447833,24
2016.08.18,1349.59,1355.95,1345.98,1352.17,122309,103871503,23
2016.08.19,1352.11,1352.71,1337.71,1340.92,106137,94495200,24
2016.08.22,1338.34,1339.95,1331.66,1338.63,131365,119528272,24
2016.08.23,1338.84,1344.58,1335.19,1338.06,105543,93470681,24
2016.08.24,1337.75,1339.99,1323.65,1323.90,104373,94338763,24
2016.08.25,1325.32,1326.98,1317.93,1321.46,89477,81265463,24
2016.08.26,1321.86,1342.12,1318.29,1321.85,120480,104346170,24
2016.08.29,1319.53,1324.99,1314.87,1323.25,106883,99566307,24
2016.08.30,1323.31,1325.34,1309.18,1310.36,103213,90044508,24
2016.08.31,1311.35,1315.99,1304.16,1308.81,104367,86191157,24
2016.09.01,1309.79,1315.01,1302.41,1312.94,100334,83438719,0
2016.09.02,1313.77,1329.99,1303.19,1324.80,105971,68576861,15
2016.09.05,1324.73,1328.50,1321.68,1326.81,59069,51102354,24
2016.09.06,1326.20,1352.45,1324.73,1350.26,110106,93750131,24
2016.09.07,1348.18,1352.51,1342.62,1344.74,94448,80899210,24
2016.09.08,1345.04,1349.28,1335.49,1337.65,107701,91366625,19
2016.09.09,1338.24,1339.46,1326.83,1327.83,100365,90694457,24
2016.09.12,1328.49,1330.14,1320.30,1327.38,121848,93753663,24
2016.09.13,1327.41,1331.88,1315.51,1317.84,128347,102436290,24
2016.09.14,1318.84,1325.85,1313.29,1321.98,114114,83708637,24
2016.09.15,1322.67,1327.95,1309.19,1314.41,121637,89332251,24
2016.09.16,1315.24,1317.98,1306.14,1309.66,92003,75269153,24
2016.09.19,1309.83,1318.27,1309.32,1313.21,82810,67197550,24
2016.09.20,1313.18,1317.80,1311.94,1314.86,70921,59989599,24
2016.09.21,1314.81,1335.92,1307.78,1335.92,128719,101032717,24
2016.09.22,1333.89,1343.55,1331.10,1337.72,93926,71009527,24
2016.09.23,1337.43,1340.56,1333.73,1338.72,74257,63917912,24
2016.09.26,1336.59,1342.02,1332.61,1337.86,115599,73648668,24
2016.09.27,1338.21,1339.42,1324.63,1326.87,115461,76897394,24
2016.09.28,1326.78,1327.45,1317.92,1321.47,80672,54893108,24
2016.09.29,1321.69,1325.71,1315.94,1320.40,125920,87407994,24
2016.09.30,1321.27,1327.97,1313.13,1315.89,146441,89929260,24
2016.10.03,1317.19,1319.52,1309.28,1311.73,106678,83540775,24
2016.10.04,1311.76,1312.97,1266.92,1268.45,138909,0,0
2016.10.05,1268.35,1277.05,1262.05,1266.69,116982,92519727,24
2016.10.06,1267.70,1269.32,1249.75,1254.39,111795,85058710,24
2016.10.07,1255.20,1265.28,1241.30,1256.54,119172,84483944,24
2016.10.10,1257.40,1264.85,1256.55,1259.47,74438,60909586,24
2016.10.11,1259.29,1262.15,1250.91,1252.59,98085,77895815,24
2016.10.12,1253.15,1258.82,1249.69,1255.24,99118,73432025,21
2016.10.13,1255.59,1262.23,1253.03,1257.68,109705,82862724,21
2016.10.14,1258.03,1259.33,1246.03,1250.43,117267,84284636,24
2016.10.17,1251.17,1257.11,1250.03,1254.92,104418,67520034,24
2016.10.18,1255.23,1264.61,1254.92,1262.52,100588,67063756,24
2016.10.19,1262.70,1273.23,1260.17,1269.58,95687,57665513,24
2016.10.20,1269.27,1274.52,1264.67,1265.66,94414,68394510,20
2016.10.21,1265.70,1267.93,1261.03,1266.79,79411,61610784,24
2016.10.24,1265.89,1271.81,1260.28,1264.16,83283,60875551,24
2016.10.25,1264.49,1276.51,1262.01,1273.87,104884,73164128,24
2016.10.26,1273.73,1276.37,1264.57,1266.48,51006,30448313,22
2016.10.27,1266.51,1272.69,1264.99,1268.52,104928,71375298,24
2016.10.28,1267.98,1284.07,1261.88,1275.71,120056,79480199,24
2016.10.31,1277.21,1279.41,1271.11,1276.87,101226,75027737,24
2016.11.01,1276.63,1291.80,1275.59,1288.04,107918,59385270,24
2016.11.02,1288.31,1307.96,1287.24,1296.69,124558,77948800,24
2016.11.03,1298.27,1306.70,1285.50,1301.84,119604,80063929,24
2016.11.04,1303.98,1307.09,1294.67,1304.27,103461,58657253,24
2016.11.07,1292.27,1295.77,1278.09,1281.38,122663,71645717,24
2016.11.08,1282.47,1290.57,1272.76,1275.54,122511,74273421,24
2016.11.09,1273.10,1337.16,1267.91,1277.11,339333,154129839,24
2016.11.10,1278.44,1292.13,1252.18,1259.29,202991,116045687,24
2016.11.11,1259.14,1265.31,1219.03,1227.24,173763,100375323,24
2016.11.14,1228.97,1231.15,1211.44,1220.09,199718,95214333,24
2016.11.15,1221.37,1231.45,1218.77,1228.35,156186,68897848,24
2016.11.16,1228.05,1232.96,1221.39,1224.81,136213,71019595,24
2016.11.17,1225.33,1231.33,1210.95,1216.73,151950,89756023,24
2016.11.18,1216.54,1217.63,1202.74,1208.51,139676,74430707,24
2016.11.21,1207.44,1217.53,1205.47,1213.94,116054,55423334,24
2016.11.22,1213.33,1220.95,1206.04,1211.85,116763,60476772,24
2016.11.23,1213.11,1214.87,1181.58,1186.87,130610,67854948,24
2016.11.24,1188.36,1190.80,1180.23,1184.03,74544,39835161,24
2016.11.25,1184.90,1193.14,1170.11,1183.71,113243,45655625,24
2016.11.28,1185.72,1197.53,1182.91,1192.84,155438,90363281,24
2016.11.29,1193.28,1194.94,1180.98,1188.15,144061,84553873,24
2016.11.30,1188.19,1194.83,1170.63,1172.62,161280,101833281,24
2016.12.01,1173.73,1176.60,1160.63,1171.29,156452,92738986,24
2016.12.02,1172.43,1178.04,1166.60,1176.87,125907,82798650,24
2016.12.05,1185.41,1187.93,1157.04,1170.03,189670,112043677,24
2016.12.06,1169.85,1175.24,1166.68,1169.44,119117,59939509,24
2016.12.07,1169.38,1180.17,1165.51,1173.50,112045,57547700,24
2016.12.08,1174.18,1178.57,1169.12,1170.35,125955,70650993,24
2016.12.09,1170.07,1171.96,1156.16,1158.35,108360,62005846,24
2016.12.12,1158.46,1165.72,1151.14,1161.83,120294,64586741,24
2016.12.13,1163.08,1164.87,1154.51,1158.06,126057,66680239,22
2016.12.14,1158.47,1165.09,1139.04,1142.94,148724,77818441,24
2016.12.15,1142.16,1144.28,1122.62,1127.96,150441,88548214,23
2016.12.16,1128.33,1141.16,1126.54,1134.65,79262,43054696,23
2016.12.19,1135.79,1142.24,1134.73,1138.47,91901,48926381,24
2016.12.20,1138.46,1139.73,1125.67,1131.73,91025,50936702,24
2016.12.21,1132.56,1137.03,1129.25,1131.59,80731,45967940,22
2016.12.22,1131.34,1134.03,1127.37,1128.20,72957,42285882,21
2016.12.23,1128.30,1135.72,1126.77,1133.39,38821,24749576,20
2016.12.27,1134.39,1150.69,1131.58,1138.86,58095,28826993,0
2016.12.28,1139.11,1144.41,1136.45,1141.55,67686,42080810,22
2016.12.29,1142.37,1159.40,1141.65,1157.83,77501,40241330,21
2016.12.30,1157.87,1163.15,1146.41,1152.12,73722,42717134,23
2017.01.03,1151.67,1164.35,1145.95,1159.09,133304,84991697,22
2017.01.04,1158.75,1167.83,1156.07,1162.64,130369,89907858,23
2017.01.05,1163.10,1184.94,1162.87,1180.30,155316,97283346,24
2017.01.06,1179.64,1182.92,1170.84,1172.59,125240,78902801,23
2017.01.09,1172.87,1186.08,1172.38,1181.01,126697,68573173,15
2017.01.10,1181.87,1190.53,1180.11,1187.41,113962,89294626,21
2017.01.11,1187.53,1198.17,1177.11,1191.44,155211,128739504,23
2017.01.12,1192.25,1206.88,1191.87,1195.38,143183,115800626,22
2017.01.13,1194.36,1201.18,1187.86,1197.33,124284,105234418,22
2017.01.16,1198.74,1208.48,1198.07,1202.50,77904,61716734,22
2017.01.17,1202.95,1218.77,1202.77,1216.56,141768,116929503,19
2017.01.18,1216.48,1217.41,1202.26,1203.59,115042,95781872,19
2017.01.19,1204.57,1206.41,1195.79,1204.73,155941,127369078,19
2017.01.20,1204.60,1214.87,1198.53,1209.94,146157,110694192,21
2017.01.23,1210.98,1219.39,1209.19,1217.80,140358,107355504,18
2017.01.24,1219.00,1219.40,1206.52,1208.67,100602,81735730,18
2017.01.25,1209.31,1209.73,1193.22,1199.60,108302,92917282,19
2017.01.26,1200.67,1202.52,1184.31,1188.38,119209,98216215,24
2017.01.27,1189.02,1191.59,1180.48,1191.49,124536,113328963,24
2017.01.30,1192.87,1199.33,1188.20,1195.20,141904,110715620,24
2017.01.31,1195.28,1215.23,1193.65,1210.36,164411,133821569,24
2017.02.01,1210.48,1213.14,1198.10,1209.70,165205,143872816,24
2017.02.02,1208.91,1225.21,1208.26,1215.74,174513,127934828,24
2017.02.03,1214.92,1221.31,1207.00,1219.95,142672,115932755,24
2017.02.06,1222.26,1235.55,1219.11,1235.45,148432,122901026,20
2017.02.07,1234.33,1235.71,1227.68,1233.49,139312,129287243,24
2017.02.08,1233.76,1244.64,1229.99,1241.68,143583,128434156,24
2017.02.09,1240.85,1244.44,1225.40,1227.53,131164,121663125,24
2017.02.10,1228.48,1237.04,1221.57,1233.68,135270,116349441,24
2017.02.13,1230.76,1232.22,1219.26,1225.20,108526,103009217,24
2017.02.14,1225.23,1234.42,1221.84,1228.57,119784,105215242,24
2017.02.15,1228.39,1233.16,1216.64,1232.81,98959,86069213,24
2017.02.16,1233.43,1242.30,1231.99,1239.01,113850,92331404,24
2017.02.17,1238.66,1243.71,1234.24,1234.83,99356,79331953,24
2017.02.20,1235.66,1238.89,1232.70,1237.42,53883,47429322,24
2017.02.21,1237.07,1238.75,1226.04,1235.75,86656,70916974,24
2017.02.22,1235.82,1240.54,1231.14,1237.45,105695,92230315,24
2017.02.23,1236.83,1251.03,1235.69,1249.19,100511,64995482,24
2017.02.24,1249.35,1260.05,1247.68,1256.98,81651,61815285,24
2017.02.27,1256.22,1263.79,1250.91,1252.70,89506,72701055,24
2017.02.28,1252.56,1258.32,1247.58,1248.00,82704,52313614,24
2017.03.01,1248.50,1250.57,1236.86,1249.23,134415,84407867,24
2017.03.02,1248.49,1248.92,1230.93,1234.17,86241,56502618,24
2017.03.03,1234.20,1236.21,1222.84,1234.42,96769,62990815,24
2017.03.06,1233.17,1236.76,1224.81,1225.18,78325,52406760,24
2017.03.07,1225.58,1227.12,1214.12,1215.72,71988,47793752,24
2017.03.08,1215.85,1218.49,1206.59,1207.75,74632,47598127,24
2017.03.09,1208.26,1208.92,1199.17,1200.24,95199,62163970,24
2017.03.10,1200.80,1206.25,1194.91,1204.43,100924,68000720,24
2017.03.13,1206.11,1211.11,1202.39,1203.70,66176,44401491,24
2017.03.14,1202.07,1207.53,1197.23,1198.47,74402,49014280,24
2017.03.15,1199.11,1221.97,1197.47,1218.59,86424,55713910,24
2017.03.16,1218.88,1233.67,1218.54,1226.01,80643,46888583,24
2017.03.17,1226.43,1231.60,1224.42,1229.25,64890,40735398,24
2017.03.20,1230.53,1235.45,1229.29,1234.12,56183,33438735,24
2017.03.21,1234.42,1247.53,1226.82,1244.85,81053,46912582,24
2017.03.22,1245.36,1251.23,1243.89,1248.78,90917,53781470,24
2017.03.23,1247.43,1253.22,1242.71,1245.37,85149,51128302,24
2017.03.24,1244.78,1251.77,1240.92,1245.57,74402,44953888,24
2017.03.27,1248.09,1260.97,1248.04,1254.09,81982,47882427,24
2017.03.28,1253.61,1258.33,1247.61,1251.47,79819,44434994,24
2017.03.29,1250.94,1254.57,1247.25,1253.07,77876,48930060,24
2017.03.30,1252.74,1253.74,1242.32,1243.43,68366,40732361,24
2017.03.31,1243.57,1250.50,1239.61,1248.96,70404,41860290,24
2017.04.03,1247.94,1253.62,1244.41,1252.80,64214,35195858,24
2017.04.04,1254.15,1261.22,1253.95,1255.98,65300,33467605,24
2017.04.05,1255.73,1257.24,1243.65,1255.21,85894,49080823,6
2017.04.06,1255.76,1258.82,1249.72,1251.77,74106,41128532,24
2017.04.07,1251.71,1270.83,1250.52,1254.30,127140,66056283,24
2017.04.10,1254.60,1257.01,1247.08,1254.63,74496,43357666,24
2017.04.11,1255.08,1275.06,1253.00,1273.93,90396,50792277,24
2017.04.12,1273.74,1286.62,1271.82,1286.55,92969,52281368,24
2017.04.13,1285.10,1288.54,1281.78,1287.44,81149,46535983,24
2017.04.17,1291.28,1295.45,1281.31,1284.84,66665,39137839,24
2017.04.18,1284.47,1292.24,1278.90,1289.80,83455,46437257,24
2017.04.19,1289.49,1290.61,1273.98,1279.14,78687,42934110,24
2017.04.20,1279.44,1283.36,1276.58,1281.43,80568,42639157,24
2017.04.21,1281.47,1288.18,1278.42,1284.29,85988,47300143,24
2017.04.24,1268.39,1277.34,1265.40,1275.39,90180,49754322,24
2017.04.25,1275.49,1278.05,1261.56,1263.32,76278,44903406,7
2017.04.26,1263.39,1270.54,1260.00,1269.20,83165,49807008,24
2017.04.27,1268.83,1269.49,1261.12,1264.23,74163,42102041,24
2017.04.28,1263.98,1268.46,1262.95,1267.99,61037,34646325,24
2017.05.01,1268.56,1271.15,1254.15,1256.87,53720,31916823,24
2017.05.02,1255.78,1257.70,1251.92,1256.75,59440,34405576,24
2017.05.03,1256.23,1256.87,1235.81,1238.55,70561,44289327,24
2017.05.04,1237.87,1241.22,1225.68,1227.46,76896,48449546,24
2017.05.05,1228.61,1235.51,1226.01,1227.56,83390,50496165,24
2017.05.08,1224.98,1236.50,1224.98,1226.21,68262,40228868,24
2017.05.09,1226.40,1228.54,1214.23,1221.26,68323,41352996,24
2017.05.10,1220.91,1225.58,1217.51,1218.99,63870,37798694,24
2017.05.11,1219.10,1227.65,1216.92,1224.83,63881,37908119,24
2017.05.12,1225.34,1231.69,1224.36,1228.48,60295,36982770,24
2017.05.15,1229.93,1237.27,1226.90,1230.08,59349,35648519,24
2017.05.16,1231.09,1239.05,1230.23,1236.95,60443,35294838,24
2017.05.17,1236.57,1261.12,1236.39,1260.41,101591,58307811,24
2017.05.18,1259.85,1265.00,1245.96,1246.56,122842,75121405,24
2017.05.19,1246.43,1256.33,1246.43,1255.33,75658,47320091,24
2017.05.22,1255.04,1262.48,1251.74,1260.09,60685,35302222,24
2017.05.23,1260.32,1263.72,1249.92,1251.33,79338,45821843,24
2017.05.24,1251.49,1258.87,1247.85,1258.33,74541,45433033,24
2017.05.25,1258.01,1259.58,1253.77,1255.69,72024,41129480,24
2017.05.26,1255.56,1269.39,1253.12,1266.94,71672,42355251,24
2017.05.29,1267.29,1269.10,1264.94,1266.50,28242,14402633,24
2017.05.30,1266.75,1270.41,1259.31,1263.10,58126,34705824,24
2017.05.31,1262.52,1274.08,1259.51,1268.70,61833,32900581,24
2017.06.01,1268.67,1270.24,1261.45,1265.62,60651,36660052,24
2017.06.02,1265.68,1279.40,1258.93,1278.56,70272,35840604,24
2017.06.05,1279.53,1283.34,1277.70,1279.43,49310,27838746,24
2017.06.06,1280.07,1296.01,1279.58,1293.92,66589,37057822,24
2017.06.07,1294.18,1294.37,1282.63,1286.83,69730,42115505,24
2017.06.08,1286.59,1288.85,1271.29,1278.69,76531,47398954,24
2017.06.09,1279.93,1280.67,1264.57,1266.60,77130,45503080,24
2017.06.12,1266.50,1270.26,1263.51,1265.66,71986,42088085,24
2017.06.13,1265.67,1268.87,1259.11,1266.26,58240,33554440,24
2017.06.14,1266.44,1280.85,1257.16,1261.83,93813,52848681,24
2017.06.15,1260.02,1266.64,1251.36,1253.91,76330,45212730,24
2017.06.16,1254.32,1257.07,1251.76,1253.38,56158,32664218,24
2017.06.19,1253.34,1255.58,1242.97,1243.25,57682,34201827,24
2017.06.20,1243.86,1248.04,1241.25,1242.82,59374,35247258,24
2017.06.21,1243.70,1247.76,1240.78,1246.08,62840,35458090,24
2017.06.22,1246.32,1254.68,1246.08,1250.40,69114,39452943,24
2017.06.23,1250.99,1258.80,1249.76,1256.61,51307,26957919,24
2017.06.26,1257.36,1258.03,1236.01,1244.30,65624,39069349,24
2017.06.27,1244.29,1253.06,1241.26,1246.80,65405,36960567,24
2017.06.28,1247.07,1254.76,1247.02,1248.85,78622,45602796,24
2017.06.29,1249.29,1253.11,1239.75,1245.10,84567,47961585,24
2017.06.30,1245.86,1248.15,1239.17,1241.43,82053,45168710,24
2017.07.03,1242.12,1242.63,1218.41,1219.46,73040,40579593,24
2017.07.04,1221.50,1226.46,1220.53,1223.38,44915,24791502,24
2017.07.05,1224.02,1228.76,1217.38,1226.83,69538,41947734,24
2017.07.06,1226.91,1229.09,1222.45,1224.60,70069,42728949,24
2017.07.07,1224.79,1228.33,1207.26,1212.20,71105,43938041,24
2017.07.10,1213.48,1215.50,1204.81,1214.25,58142,34852632,24
2017.07.11,1214.40,1217.35,1208.13,1217.21,58263,35976247,24
2017.07.12,1216.70,1225.67,1213.39,1220.14,67796,40946250,24
2017.07.13,1218.45,1224.36,1216.47,1217.50,57211,33607573,24
2017.07.14,1217.39,1232.77,1214.73,1228.81,63232,35920991,24
2017.07.17,1229.55,1235.95,1228.19,1233.61,51972,28536928,24
2017.07.18,1233.94,1244.51,1232.75,1242.03,68233,36279691,24
2017.07.19,1242.79,1243.95,1235.84,1241.13,56719,30288459,24
2017.07.20,1241.05,1247.50,1235.23,1244.62,71926,35636777,24
2017.07.21,1244.22,1255.63,1243.33,1254.70,68626,33071778,24
2017.07.24,1255.30,1258.74,1251.86,1255.31,62675,28987569,24
2017.07.25,1254.62,1257.68,1249.05,1249.71,70347,32709896,24
2017.07.26,1249.71,1263.46,1243.69,1260.84,91151,46065706,24
2017.07.27,1260.10,1265.17,1254.44,1258.42,102405,46227813,24
2017.07.28,1259.16,1270.76,1257.29,1268.91,87469,39478470,24
2017.07.31,1270.54,1271.04,1265.70,1269.37,61954,30279087,24
2017.08.01,1269.47,1274.04,1262.57,1268.92,75766,31193615,24
2017.08.02,1268.61,1272.75,1262.79,1266.18,67133,31734289,24
2017.08.03,1266.13,1270.75,1256.77,1268.85,72462,31712576,24
2017.08.04,1268.41,1270.10,1254.12,1258.73,69628,30244372,24
2017.08.07,1257.14,1259.82,1255.69,1257.67,56774,27172125,24
2017.08.08,1257.07,1265.12,1251.44,1260.74,70930,32639596,24
2017.08.09,1260.91,1278.64,1260.71,1277.39,92934,39629040,24
2017.08.10,1277.32,1287.76,1274.57,1286.25,86767,35558128,24
2017.08.11,1286.13,1291.93,1281.23,1290.41,84718,35304736,24
2017.08.14,1289.31,1289.43,1278.54,1281.30,71753,34013161,24
2017.08.15,1280.97,1281.87,1267.23,1271.52,69919,34911683,24
2017.08.16,1271.35,1283.75,1267.70,1283.08,73242,38202507,24
2017.08.17,1283.65,1290.08,1281.74,1287.74,93880,41922344,24
2017.08.18,1288.59,1300.74,1283.40,1284.62,102322,47009555,24
2017.08.21,1282.99,1293.68,1280.51,1291.59,69793,34362130,24
2017.08.22,1290.75,1292.49,1281.90,1284.96,64648,32611110,24
2017.08.23,1284.55,1291.42,1282.72,1290.44,63985,31886129,24
2017.08.24,1290.36,1291.10,1284.40,1286.15,69416,32380507,24
2017.08.25,1286.06,1294.52,1276.37,1291.47,81136,44400660,24
2017.08.28,1292.48,1312.03,1291.78,1309.61,68351,35559013,24
2017.08.29,1314.13,1325.94,1304.97,1309.48,117617,63843863,24
2017.08.30,1310.24,1313.68,1305.11,1308.15,81145,44015436,24
2017.08.31,1308.40,1323.53,1298.78,1321.41,87456,46854743,24
2017.09.01,1321.85,1328.76,1316.35,1324.59,86568,47347808,24
2017.09.04,1335.18,1339.72,1331.73,1333.96,57399,29405006,24
2017.09.05,1333.49,1344.25,1326.22,1339.95,103529,52809623,24
2017.09.06,1339.61,1342.39,1331.55,1334.01,87303,39694360,24
2017.09.07,1334.05,1349.78,1332.48,1349.31,100395,49105499,24
2017.09.08,1348.58,1357.42,1342.71,1346.48,101482,53131756,24
2017.09.11,1338.93,1339.96,1326.34,1327.25,82571,41941127,0
2017.09.12,1327.45,1331.80,1322.52,1331.26,123378,8335652,3
2017.09.13,1333.21,1334.59,1320.77,1323.00,89613,28407088,24
2017.09.14,1323.07,1330.55,1315.60,1329.56,82761,40559635,24
2017.09.15,1330.58,1334.24,1319.49,1320.29,84096,41704221,24
2017.09.18,1318.33,1319.59,1304.56,1307.19,68214,35157956,24
2017.09.19,1307.67,1311.60,1305.06,1310.90,69038,34622608,24
2017.09.20,1310.63,1315.94,1295.91,1300.08,83133,42348656,24
2017.09.21,1301.41,1301.61,1288.08,1291.22,82325,42260006,24
2017.09.22,1291.63,1298.61,1291.20,1296.89,69255,36190401,24
2017.09.25,1295.97,1311.88,1289.64,1310.28,89776,44722035,24
2017.09.26,1309.55,1313.56,1292.06,1293.80,80101,37642909,24
2017.09.27,1293.26,1296.14,1281.40,1282.16,78717,39618451,24
2017.09.28,1283.22,1288.71,1277.65,1286.98,74155,36498122,24
2017.09.29,1286.63,1290.25,1275.92,1279.37,70719,33560514,24
2017.10.02,1278.95,1279.12,1269.52,1270.95,64725,32722539,24
2017.10.03,1270.67,1274.68,1268.22,1271.54,54823,27535735,24
2017.10.04,1271.44,1282.12,1270.44,1274.64,58351,27481414,24
2017.10.05,1274.97,1278.92,1266.09,1267.57,53983,24446148,24
2017.10.06,1268.72,1276.24,1260.54,1276.17,72197,37165979,24
2017.10.09,1275.91,1285.36,1275.16,1283.94,60064,27024697,24
2017.10.10,1283.73,1294.13,1282.02,1287.92,71848,30796818,24
2017.10.11,1287.85,1293.42,1284.49,1291.32,70881,30764076,24
2017.10.12,1291.53,1297.39,1289.52,1293.27,105473,183622901,24
2017.10.13,1293.66,1303.64,1290.82,1303.30,153698,368480873,31
2017.10.16,1303.33,1305.91,1290.31,1294.57,144870,355016308,27
2017.10.17,1295.88,1296.11,1281.22,1285.14,157205,377730107,28
2017.10.18,1284.93,1288.78,1276.85,1280.81,132752,183995020,26
2017.10.19,1281.37,1290.18,1276.45,1289.36,188744,460968641,27
2017.10.20,1289.44,1290.90,1277.83,1280.11,176660,438754227,27
2017.10.23,1277.23,1283.13,1272.39,1281.93,151365,367212369,30
2017.10.24,1281.54,1283.51,1273.60,1276.47,158853,381883778,26
2017.10.25,1276.32,1279.95,1270.88,1277.36,187287,446519996,28
2017.10.26,1277.97,1282.38,1265.60,1266.90,182439,450339007,26
2017.10.27,1267.59,1273.66,1263.62,1273.43,181680,440648817,26
2017.10.30,1273.28,1278.67,1268.80,1276.01,143512,337071200,29
2017.10.31,1275.99,1278.01,1267.53,1271.00,140265,344868180,29
2017.11.01,1270.32,1280.71,1267.85,1274.52,175134,428471370,27
2017.11.02,1275.35,1283.96,1273.28,1276.15,179636,428406780,28
2017.11.03,1277.25,1280.05,1265.37,1270.03,141945,400994850,27
2017.11.06,1269.42,1282.79,1265.98,1281.49,153332,635903160,28
2017.11.07,1281.09,1281.30,1271.71,1275.23,158607,653646010,29
2017.11.08,1276.68,1287.07,1275.84,1281.16,156748,628206640,30
2017.11.09,1281.48,1288.31,1279.82,1284.63,209614,885282350,29
2017.11.10,1285.26,1286.93,1273.32,1275.60,171018,714220710,29
2017.11.13,1274.95,1279.62,1274.19,1277.94,136413,512745110,29
2017.11.14,1277.89,1283.45,1269.80,1280.32,166046,662673380,29
2017.11.15,1279.84,1289.39,1276.57,1278.34,203934,835398820,30
2017.11.16,1278.37,1281.67,1274.99,1278.30,159701,640043240,29
2017.11.17,1278.52,1296.77,1278.16,1294.11,182172,746259890,32
2017.11.20,1293.14,1294.62,1274.46,1276.65,180838,708477920,30
2017.11.21,1277.74,1284.60,1276.18,1280.37,165420,679956800,29
2017.11.22,1280.68,1294.52,1278.93,1291.94,164566,681331140,29
2017.11.23,1291.58,1293.44,1286.82,1290.93,81132,337321620,31
2017.11.24,1290.91,1293.13,1285.49,1288.27,119111,441101340,36
2017.11.27,1288.10,1299.08,1286.62,1294.26,151911,242794277,28
2017.11.28,1294.55,1297.28,1290.53,1293.75,149381,59293997,29
2017.11.29,1293.42,1296.54,1281.90,1283.24,182085,72277914,29
2017.11.30,1284.25,1285.16,1270.22,1274.70,193088,76794690,29
2017.12.01,1275.02,1289.07,1271.50,1279.88,220669,90094989,29
2017.12.04,1273.95,1277.02,1270.89,1275.94,176483,74544559,29
2017.12.05,1276.38,1276.90,1260.86,1265.66,172981,69249522,29
2017.12.06,1265.99,1269.13,1262.43,1263.12,173278,66917681,31
2017.12.07,1263.66,1264.31,1243.78,1246.64,167975,67066811,29
2017.12.08,1247.58,1252.23,1243.60,1248.04,152913,64673257,31
2017.12.11,1247.73,1251.40,1240.58,1241.54,128072,55153383,31
2017.12.12,1242.10,1246.09,1236.37,1243.77,132124,55701727,29
2017.12.13,1243.80,1256.92,1240.12,1255.51,154282,61048338,29
2017.12.14,1254.01,1258.95,1250.35,1252.50,162850,67920971,29
2017.12.15,1252.95,1261.72,1252.94,1255.33,145091,56540269,29
2017.12.18,1254.14,1263.83,1252.62,1261.62,134877,53692887,28
2017.12.19,1261.66,1265.11,1259.11,1261.64,127118,50626857,32
2017.12.20,1261.44,1267.70,1261.25,1265.37,125012,46025434,30
2017.12.21,1265.76,1268.80,1262.64,1266.52,116013,42022984,30
2017.12.22,1266.21,1276.02,1264.84,1275.28,100209,33928542,33
2017.12.26,1278.14,1283.58,1276.92,1283.08,56366,20337969,31
2017.12.27,1282.27,1288.80,1281.22,1287.01,109234,30233568,30
2017.12.28,1287.32,1295.07,1286.59,1294.86,104991,28073269,30
2017.12.29,1294.06,1307.41,1293.73,1302.54,110171,39989677,29
2018.01.02,1309.81,1318.80,1308.40,1317.82,102756,40861963,29
2018.01.03,1317.27,1321.24,1307.31,1312.78,142608,57085649,29
2018.01.04,1312.74,1325.84,1305.70,1322.69,152296,62588238,29
2018.01.05,1321.96,1323.26,1313.55,1319.90,136451,55476346,29
2018.01.08,1320.69,1322.00,1314.65,1320.27,112662,43344684,31
2018.01.09,1319.49,1320.04,1308.26,1312.61,145888,58244725,29
2018.01.10,1311.82,1327.60,1307.96,1316.59,189693,77984745,31
2018.01.11,1317.13,1323.79,1315.58,1322.34,160215,66048285,29
2018.01.12,1322.35,1339.21,1321.62,1338.17,178769,72842724,31
2018.01.15,1336.05,1344.60,1335.92,1339.93,114164,43484423,0
2018.01.16,1339.42,1342.13,1331.66,1338.37,172974,72394747,29
2018.01.17,1339.20,1343.82,1326.28,1326.61,201855,81300568,23
2018.01.18,1327.51,1332.96,1324.14,1327.04,183421,72448238,25
2018.01.19,1327.54,1337.86,1326.66,1331.43,174257,67234814,24
2018.01.22,1335.05,1335.44,1328.27,1333.87,142831,54525287,15
2018.01.23,1333.40,1341.64,1331.24,1341.11,167436,66124556,20
2018.01.24,1340.92,1362.02,1339.42,1357.97,196584,74537661,22
2018.01.25,1357.25,1365.92,1342.33,1348.22,245829,91848981,24
2018.01.26,1347.00,1356.96,1344.46,1350.00,215417,81349533,15
2018.01.29,1351.03,1352.39,1337.57,1340.32,177086,67936216,15
2018.01.30,1341.30,1348.90,1334.44,1338.59,207310,82011687,15
2018.01.31,1337.42,1347.57,1332.75,1344.94,214777,88172430,15
2018.02.01,1343.39,1350.97,1337.24,1348.39,211212,83808978,5
2018.02.02,1347.81,1350.06,1327.43,1332.57,233006,90739932,13
2018.02.05,1331.64,1341.59,1328.99,1339.56,249575,101473731,12
2018.02.06,1338.91,1346.08,1320.18,1324.40,352486,123614560,12
2018.02.07,1324.64,1332.30,1311.38,1318.29,259360,103829136,12
2018.02.08,1317.34,1322.02,1307.04,1318.34,286441,112081828,12
2018.02.09,1319.11,1322.63,1311.12,1315.64,294243,112165860,14
2018.02.12,1315.38,1326.69,1315.13,1322.86,145037,0,14
2018.02.13,1323.63,1331.02,1321.59,1328.99,156092,0,14
2018.02.14,1329.72,1355.50,1317.30,1350.14,193377,0,14
2018.02.15,1350.64,1357.07,1348.53,1353.07,175472,0,14
2018.02.16,1353.79,1361.69,1344.71,1347.43,166978,0,14
2018.02.19,1349.69,1351.34,1345.78,1346.60,87111,0,14
2018.02.20,1347.90,1348.09,1328.44,1329.33,141385,0,0
2018.02.21,1329.49,1336.22,1322.14,1324.37,158486,0,14
2018.02.22,1324.39,1332.07,1320.93,1331.85,148422,0,14
2018.02.23,1331.78,1332.13,1325.78,1328.78,120542,0,14
2018.02.26,1329.83,1341.00,1326.65,1332.93,137233,0,14
2018.02.27,1333.30,1336.70,1313.41,1318.29,156960,0,14
2018.02.28,1318.39,1322.49,1315.59,1318.08,143439,0,14
2018.03.01,1319.02,1321.07,1302.76,1317.16,191255,0,14
2018.03.02,1316.47,1325.42,1315.20,1322.12,162142,0,14
2018.03.05,1323.71,1327.73,1317.53,1319.88,175312,0,14
2018.03.06,1320.55,1338.46,1320.21,1334.30,187973,0,14
2018.03.07,1339.55,1340.37,1322.20,1325.35,206718,0,14
2018.03.08,1325.64,1329.00,1318.87,1322.14,183100,0,14
2018.03.09,1321.32,1325.14,1312.83,1323.36,181330,0,14
2018.03.12,1322.86,1324.13,1315.04,1322.70,117427,0,14
2018.03.13,1323.54,1328.28,1313.73,1326.31,152139,0,14
2018.03.14,1325.85,1330.01,1321.46,1324.74,143936,0,14
2018.03.15,1323.80,1327.88,1314.93,1316.44,131712,0,14
2018.03.16,1315.92,1321.72,1309.60,1313.47,122528,0,14
2018.03.19,1313.14,1319.58,1307.76,1317.02,128966,0,14
2018.03.20,1317.30,1318.24,1307.17,1311.06,120441,0,14
2018.03.21,1311.54,1336.60,1309.79,1331.80,146322,0,14
2018.03.22,1331.83,1334.86,1324.77,1328.61,167242,0,14
2018.03.23,1330.61,1350.20,1330.61,1347.51,174572,0,14
2018.03.26,1348.15,1355.87,1343.46,1353.44,136353,0,14
2018.03.27,1352.90,1356.84,1339.84,1344.59,143930,0,14
2018.03.28,1345.61,1346.99,1323.44,1324.83,175573,0,14
2018.03.29,1324.36,1328.30,1321.21,1325.04,144155,0,14
2018.04.02,1325.80,1344.84,1324.81,1341.04,139842,0,14
2018.04.03,1340.61,1342.45,1328.88,1332.54,162340,0,14
2018.04.04,1332.58,1348.22,1331.49,1333.24,177158,0,14
2018.04.05,1333.10,1334.85,1322.72,1326.37,144548,0,14
2018.04.06,1327.25,1335.42,1319.50,1332.69,191077,0,14
2018.04.09,1333.49,1337.95,1326.85,1336.06,152343,0,14
2018.04.10,1336.61,1342.53,1331.06,1339.08,167225,0,14
2018.04.11,1339.54,1365.20,1339.49,1353.08,184524,0,14
2018.04.12,1352.57,1353.15,1333.71,1334.87,179163,0,14
2018.04.13,1335.54,1347.10,1333.05,1345.07,155453,0,14
2018.04.16,1342.69,1350.48,1340.11,1345.59,141294,0,14
2018.04.17,1345.89,1349.36,1337.65,1347.17,141939,0,14
2018.04.18,1347.12,1355.67,1342.27,1349.21,148681,0,14
2018.04.19,1349.17,1354.65,1340.93,1345.70,167626,0,14
2018.04.20,1345.68,1346.15,1334.94,1335.44,137570,0,14
2018.04.23,1334.69,1335.43,1322.11,1324.76,142291,0,14
2018.04.24,1324.78,1332.64,1322.11,1330.77,150264,0,14
2018.04.25,1330.06,1332.03,1318.76,1322.88,132330,0,14
2018.04.26,1322.09,1326.57,1315.26,1317.01,137917,0,14
2018.04.27,1317.36,1325.19,1315.37,1322.91,124480,0,14
2018.04.30,1322.78,1324.88,1310.18,1314.98,119515,0,14
2018.05.01,1316.11,1316.32,1301.74,1304.00,121525,0,14
2018.05.02,1304.61,1313.43,1303.88,1304.92,164714,0,14
2018.05.03,1305.61,1318.06,1305.39,1312.19,161484,0,14
2018.05.04,1312.34,1315.32,1307.93,1314.60,138486,0,14
2018.05.07,1314.89,1318.86,1310.21,1314.20,117778,0,14
2018.05.08,1314.30,1317.77,1305.92,1314.67,157331,0,14
2018.05.09,1314.99,1317.38,1304.28,1312.36,150024,0,14
2018.05.10,1312.19,1322.82,1310.72,1321.05,151330,0,14
2018.05.11,1321.28,1325.90,1316.86,1317.93,121865,0,14
2018.05.14,1318.11,1322.29,1312.91,1313.13,113839,0,14
2018.05.15,1314.14,1314.84,1288.66,1290.77,155008,0,14
2018.05.16,1290.69,1296.87,1286.38,1290.48,149270,0,14
2018.05.17,1290.96,1294.34,1284.93,1290.77,142011,0,14
2018.05.18,1290.49,1294.18,1286.06,1292.48,119227,0,14
2018.05.21,1291.52,1293.12,1282.00,1292.48,122414,0,14
2018.05.22,1292.62,1296.09,1287.90,1291.02,125944,0,14
2018.05.23,1291.23,1298.28,1287.54,1293.18,169357,0,14
2018.05.24,1293.90,1306.59,1292.72,1304.25,146932,0,14
2018.05.25,1304.84,1307.75,1299.83,1300.52,145825,0,14
2018.05.28,1299.41,1300.30,1295.48,1298.02,94074,0,14
2018.05.29,1297.64,1306.57,1292.48,1298.64,188420,0,14
2018.05.30,1299.68,1304.28,1295.86,1301.55,187898,0,14
2018.05.31,1301.70,1306.43,1297.26,1298.24,173824,0,10
2018.06.01,1298.89,1300.54,1289.34,1293.27,148261,0,12
2018.06.04,1293.04,1298.08,1290.15,1291.81,104639,0,14
2018.06.05,1292.18,1300.50,1289.69,1296.49,98789,0,14
2018.06.06,1296.84,1301.76,1293.73,1295.95,110400,0,14
2018.06.07,1296.61,1303.09,1294.82,1296.71,121216,0,14
2018.06.08,1297.30,1300.51,1292.05,1298.60,109659,0,14
2018.06.11,1299.10,1302.20,1294.02,1300.35,92238,0,10
2018.06.12,1299.92,1300.23,1292.76,1295.52,101378,0,14
2018.06.13,1295.44,1301.20,1291.82,1299.46,96092,0,14
2018.06.14,1299.85,1309.28,1297.48,1302.25,121003,0,14
2018.06.15,1302.16,1303.07,1275.33,1280.19,129675,0,13
2018.06.18,1279.13,1282.39,1276.99,1278.20,85837,0,14
2018.06.19,1278.88,1283.99,1270.31,1274.46,111610,0,14
2018.06.20,1274.94,1276.38,1267.56,1267.56,94109,0,14
2018.06.21,1268.05,1270.06,1261.29,1267.24,100373,0,14
2018.06.22,1267.38,1271.03,1266.58,1269.21,91474,0,14
2018.06.25,1271.37,1272.56,1264.40,1265.32,86382,0,14
2018.06.26,1266.04,1267.61,1254.71,1258.45,96159,0,14
2018.06.27,1258.44,1260.05,1250.59,1251.79,120092,0,14
2018.06.28,1252.31,1254.24,1245.84,1248.14,107121,0,14
2018.06.29,1248.01,1255.57,1245.99,1252.74,105028,0,14
2018.07.02,1252.73,1254.15,1239.63,1241.49,92846,0,13
2018.07.03,1241.89,1256.85,1237.82,1252.78,99797,0,14
2018.07.04,1252.47,1261.07,1252.34,1256.47,66160,0,14
2018.07.05,1256.24,1259.68,1251.24,1257.17,96710,0,12
2018.07.06,1257.20,1258.94,1252.69,1254.56,84745,0,14
2018.07.09,1255.25,1265.84,1254.83,1257.41,85737,0,14
2018.07.10,1257.64,1260.24,1247.28,1255.93,92226,0,14
2018.07.11,1255.70,1256.84,1241.41,1242.18,107273,0,14
2018.07.12,1242.46,1248.50,1241.24,1246.94,124630,0,14
2018.07.13,1246.83,1248.04,1236.30,1241.06,87152,0,14
2018.07.16,1241.27,1245.51,1238.28,1240.80,85141,0,14
2018.07.17,1240.73,1244.94,1226.02,1227.28,94291,0,14
2018.07.18,1227.67,1229.10,1220.98,1227.50,83759,0,14
2018.07.19,1226.98,1228.98,1211.45,1222.86,110290,0,12
2018.07.20,1223.75,1232.22,1215.63,1231.59,123284,0,14
2018.07.23,1230.39,1235.15,1222.19,1224.42,106778,0,14
2018.07.24,1224.75,1229.45,1218.10,1224.45,111426,0,15
2018.07.25,1224.42,1234.14,1223.16,1231.57,115521,0,15
2018.07.26,1231.46,1235.18,1222.29,1222.84,98777,0,15
2018.07.27,1223.57,1227.32,1217.51,1222.81,94003,0,15
2018.07.30,1223.34,1225.03,1218.96,1221.28,66294,0,14
2018.07.31,1221.54,1228.53,1213.93,1223.94,101959,0,10
2018.08.01,1224.13,1224.76,1215.69,1216.05,90683,0,15
2018.08.02,1216.52,1221.05,1206.97,1207.72,94114,0,15
2018.08.03,1208.68,1219.98,1204.40,1213.14,97934,0,15
2018.08.06,1213.61,1217.85,1206.48,1207.10,73287,0,15
2018.08.07,1208.09,1216.10,1207.65,1210.58,74692,0,15
2018.08.08,1211.01,1215.82,1206.35,1213.38,76923,0,13
2018.08.09,1213.62,1217.31,1210.72,1212.16,86741,0,15
2018.08.10,1212.55,1217.09,1205.70,1211.38,118336,0,15
2018.08.13,1212.51,1213.80,1191.60,1193.64,90397,0,15
2018.08.14,1194.01,1198.67,1191.99,1193.93,62151,0,15
2018.08.15,1194.26,1194.66,1173.07,1174.65,77457,0,15
2018.08.16,1175.55,1182.02,1160.07,1173.93,93034,0,14
2018.08.17,1173.69,1185.00,1171.79,1184.17,64952,0,15
2018.08.20,1183.46,1190.79,1182.60,1190.36,53212,0,15
2018.08.21,1190.37,1196.91,1187.65,1196.12,69290,0,15
2018.08.22,1196.05,1201.52,1192.54,1195.42,68635,0,15
2018.08.23,1195.89,1196.54,1183.80,1185.27,64778,0,15
2018.08.24,1185.30,1208.49,1183.18,1205.88,68650,0,15
2018.08.27,1207.20,1212.33,1203.11,1211.07,48250,0,12
2018.08.28,1210.81,1214.21,1199.53,1200.96,64378,0,15
2018.08.29,1201.47,1207.26,1201.29,1206.53,58304,0,12
2018.08.30,1206.91,1207.81,1196.17,1199.61,60868,0,11
2018.08.31,1200.00,1208.77,1198.21,1200.78,75806,0,15
2018.09.03,1200.68,1203.84,1195.60,1201.25,59262,0,15
2018.09.04,1200.67,1201.93,1189.56,1191.03,76229,0,15
2018.09.05,1191.72,1198.37,1190.79,1196.48,65696,0,15
2018.09.06,1197.13,1206.95,1195.74,1199.97,88985,0,15
2018.09.07,1200.33,1203.48,1193.41,1195.83,79092,0,15
2018.09.10,1196.35,1198.49,1191.44,1195.57,60154,0,15
2018.09.11,1195.46,1199.32,1187.66,1198.37,64425,0,15
2018.09.12,1197.99,1208.43,1192.63,1206.06,67159,0,15
2018.09.13,1206.47,1212.60,1200.07,1201.26,74782,0,15
2018.09.14,1201.63,1208.52,1192.84,1193.43,74488,0,15
2018.09.17,1193.67,1204.77,1192.75,1200.93,61098,0,13
2018.09.18,1201.38,1203.48,1195.82,1198.04,80695,0,15
2018.09.19,1197.95,1206.16,1197.92,1203.68,69378,0,15
2018.09.20,1203.81,1208.40,1201.23,1207.07,69611,0,14
2018.09.21,1206.75,1211.03,1191.78,1199.10,70594,0,15
2018.09.24,1198.88,1204.12,1194.36,1198.66,52248,0,15
2018.09.25,1198.93,1203.34,1197.01,1201.06,55189,0,15
2018.09.26,1201.33,1202.44,1190.47,1194.22,87291,0,15
2018.09.27,1194.83,1198.52,1181.84,1182.52,62745,0,15
2018.09.28,1183.34,1193.94,1180.66,1191.51,64208,0,15
2018.10.01,1191.89,1192.15,1184.51,1188.66,52576,0,15
2018.10.02,1188.81,1208.19,1188.67,1202.74,69784,0,15
2018.10.03,1203.98,1208.25,1196.43,1196.85,61515,0,15
2018.10.04,1197.97,1206.74,1195.95,1199.72,70104,0,15
2018.10.05,1199.65,1205.76,1197.20,1202.75,72912,0,15
2018.10.08,1203.18,1204.04,1183.33,1187.96,37667,0,15
2018.10.09,1188.20,1191.81,1183.16,1189.48,60546,0,15
2018.10.10,1189.46,1194.75,1185.25,1194.03,60583,0,15
2018.10.11,1194.18,1226.30,1191.22,1224.82,84466,0,15
2018.10.12,1223.21,1223.67,1215.80,1217.76,63032,0,13
2018.10.15,1217.78,1233.22,1217.74,1226.81,62824,0,15
2018.10.16,1227.19,1232.36,1223.40,1224.42,58611,0,15
2018.10.17,1224.87,1229.43,1220.53,1222.21,53881,0,12
2018.10.18,1221.96,1230.10,1218.63,1225.75,61042,0,13
2018.10.19,1225.47,1230.75,1223.02,1226.38,59969,0,15
2018.10.22,1228.00,1229.51,1219.97,1221.86,50370,0,15
2018.10.23,1222.05,1239.71,1221.65,1230.34,57126,0,15
2018.10.24,1230.87,1233.57,1225.55,1233.33,59709,0,15
2018.10.25,1233.92,1239.14,1228.05,1231.86,58668,0,15
2018.10.26,1232.08,1243.36,1229.98,1233.53,84231,0,15
2018.10.29,1232.96,1235.34,1224.25,1229.47,68326,0,15
2018.10.30,1229.55,1230.53,1219.80,1222.97,52328,0,12
2018.10.31,1222.40,1222.96,1211.93,1214.48,58086,0,15
2018.11.01,1215.30,1237.33,1215.26,1233.04,66877,0,15
2018.11.02,1234.29,1236.37,1229.67,1232.75,70496,0,15
2018.11.05,1233.14,1235.10,1226.82,1231.36,51254,0,10
2018.11.06,1231.31,1235.89,1223.44,1227.03,57608,0,15
2018.11.07,1227.19,1236.43,1222.93,1226.36,86968,0,12
2018.11.08,1226.39,1227.03,1219.98,1223.37,56146,0,12
2018.11.09,1223.25,1223.44,1206.65,1209.32,58787,0,13
2018.11.12,1209.41,1211.39,1200.16,1200.16,51033,0,15
2018.11.13,1201.10,1205.11,1196.21,1201.99,59864,0,12
2018.11.14,1202.63,1216.49,1197.64,1210.54,76536,0,15
2018.11.15,1210.99,1216.42,1207.66,1212.69,68387,0,15
2018.11.16,1213.25,1225.23,1213.10,1221.20,59300,0,15
2018.11.19,1221.94,1225.16,1217.97,1223.85,50688,0,15
2018.11.20,1223.83,1228.70,1219.93,1221.52,66031,0,15
2018.11.21,1221.85,1230.03,1219.65,1225.82,51457,0,12
2018.11.22,1225.42,1229.06,1224.81,1226.96,34363,0,15
2018.11.23,1226.98,1228.49,1219.88,1222.51,43894,0,15
2018.11.26,1223.38,1228.07,1221.65,1222.15,47348,0,15
2018.11.27,1222.38,1225.21,1211.82,1214.47,50906,0,15
2018.11.28,1214.92,1226.65,1211.15,1221.06,51784,0,15
2018.11.29,1220.51,1228.91,1220.42,1224.03,60007,0,15
2018.11.30,1224.08,1225.49,1216.62,1221.96,52149,0,15
2018.12.03,1222.91,1234.86,1221.25,1230.84,60510,0,15
2018.12.04,1230.67,1241.89,1230.38,1238.54,65890,0,15
2018.12.05,1238.54,1239.20,1233.25,1237.06,29802,0,16
2018.12.06,1237.26,1244.29,1234.68,1237.76,76720,0,14
2018.12.07,1237.72,1249.98,1237.24,1248.41,61676,0,15
2018.12.10,1250.40,1250.49,1241.55,1244.09,70502,0,15
2018.12.11,1244.78,1249.46,1240.96,1242.83,75476,0,15
2018.12.12,1243.15,1247.19,1241.93,1245.39,59387,0,16
2018.12.13,1245.73,1246.68,1240.05,1242.00,62080,0,15
2018.12.14,1241.71,1242.95,1232.89,1238.00,64452,0,15
2018.12.17,1237.33,1248.06,1235.47,1245.80,45136,0,12
2018.12.18,1245.69,1250.33,1244.97,1249.37,57195,0,15
2018.12.19,1249.78,1257.99,1241.61,1242.98,77529,0,15
2018.12.20,1244.23,1266.43,1242.68,1259.69,61651,0,15
2018.12.21,1260.51,1262.70,1253.85,1255.38,49285,0,15
2018.12.24,1258.48,1269.75,1257.89,1268.30,35322,0,15
2018.12.26,1272.38,1279.05,1264.46,1266.78,40974,0,15
2018.12.27,1266.65,1278.92,1265.51,1275.50,51120,0,15
2018.12.28,1275.35,1282.10,1274.20,1280.59,44994,0,15
2018.12.31,1279.92,1284.02,1277.38,1280.23,29951,0,15
2019.01.02,1282.21,1288.70,1278.64,1284.60,39271,0,14
2019.01.03,1287.68,1294.96,1284.50,1293.97,57318,0,12
2019.01.04,1293.66,1298.52,1276.54,1284.53,61565,0,15
2019.01.07,1285.34,1295.03,1282.56,1288.72,46553,0,15
2019.01.08,1289.16,1290.18,1279.31,1285.04,43237,0,15
2019.01.09,1284.62,1293.90,1280.01,1292.93,50186,0,14
2019.01.10,1292.98,1297.03,1286.03,1286.10,42686,0,15
2019.01.11,1286.75,1295.12,1286.72,1287.39,37019,0,15
2019.01.14,1288.04,1295.79,1287.77,1291.37,37149,0,15
2019.01.15,1292.40,1294.59,1286.71,1288.92,42365,0,15
2019.01.16,1289.58,1294.95,1287.78,1293.62,37703,0,12
2019.01.17,1293.70,1295.33,1288.67,1291.78,37454,0,15
2019.01.18,1292.24,1292.40,1280.56,1281.18,36426,0,15
2019.01.21,1282.53,1283.47,1276.76,1280.03,22469,0,15
2019.01.22,1280.14,1285.41,1277.35,1284.97,33935,0,15
2019.01.23,1284.90,1286.47,1278.59,1282.42,29596,0,14
2019.01.24,1282.78,1284.71,1276.70,1280.75,33915,0,13
2019.01.25,1280.33,1303.91,1279.89,1302.79,39372,0,13
2019.01.28,1302.27,1304.35,1297.56,1303.21,30687,0,13
2019.01.29,1303.12,1311.94,1302.66,1311.66,36066,0,13
2019.01.30,1311.51,1323.37,1308.92,1319.59,44860,0,15
2019.01.31,1320.30,1326.25,1317.36,1321.05,43609,0,12
2019.02.01,1320.95,1323.44,1316.06,1317.71,40010,0,12
2019.02.04,1317.60,1317.89,1308.53,1311.96,32119,0,9
2019.02.05,1311.76,1316.77,1310.66,1314.87,30404,0,15
2019.02.06,1314.60,1315.74,1305.53,1306.33,28894,0,15
2019.02.07,1307.41,1311.90,1302.73,1309.95,34320,0,15
2019.02.08,1309.96,1315.60,1307.72,1313.95,28521,0,15
2019.02.11,1313.14,1314.80,1303.59,1308.10,30756,0,15
2019.02.12,1307.39,1314.68,1306.45,1310.57,31972,0,15
2019.02.13,1311.12,1318.11,1304.94,1305.88,38150,0,15
2019.02.14,1306.46,1314.31,1302.34,1312.21,42537,0,15
2019.02.15,1312.61,1322.57,1311.29,1321.26,39684,0,15
2019.02.18,1317.36,1327.61,1315.81,1326.06,24647,0,16
2019.02.19,1326.23,1341.81,1322.81,1341.16,40578,0,15
2019.02.20,1339.91,1346.66,1336.83,1338.20,44124,0,15
2019.02.21,1339.03,1341.43,1320.88,1323.30,45926,0,15
2019.02.22,1324.22,1333.05,1321.50,1327.56,42277,0,15
2019.02.25,1327.47,1332.51,1325.07,1327.24,39118,0,15
2019.02.26,1327.22,1330.15,1323.43,1328.69,37082,0,15
2019.02.27,1329.03,1329.81,1316.57,1319.62,30907,0,0
2019.02.28,1319.99,1327.22,1312.55,1313.08,44328,0,13
2019.03.01,1314.15,1315.17,1290.12,1293.42,44869,0,8
2019.03.04,1295.06,1296.96,1282.80,1286.46,40156,0,15
2019.03.05,1286.88,1289.55,1281.13,1287.38,37932,0,15
2019.03.06,1287.23,1290.86,1283.49,1286.15,36348,0,15
2019.03.07,1286.52,1288.99,1280.77,1285.33,39802,0,12
2019.03.08,1284.52,1300.69,1284.41,1298.23,44398,0,15
2019.03.11,1296.85,1299.04,1290.42,1293.27,32454,0,15
2019.03.12,1293.04,1302.19,1291.96,1301.15,31873,0,15
2019.03.13,1300.91,1311.19,1300.87,1309.10,31237,0,15
2019.03.14,1309.79,1310.31,1292.73,1296.08,33687,0,15
2019.03.15,1296.09,1306.36,1293.93,1301.92,33130,0,12
2019.03.18,1302.24,1306.67,1298.13,1303.41,29029,0,15
2019.03.19,1303.35,1310.87,1302.27,1306.41,32840,0,15
2019.03.20,1306.63,1316.98,1298.57,1312.34,40670,0,15
2019.03.21,1314.15,1320.35,1303.16,1309.28,40550,0,15
2019.03.22,1309.15,1314.92,1306.79,1313.07,42107,0,15
2019.03.25,1312.19,1324.49,1310.91,1322.01,36116,0,15
2019.03.26,1321.89,1323.21,1312.63,1315.10,33737,0,12
2019.03.27,1316.56,1319.27,1308.02,1309.63,49515,0,14
2019.03.28,1309.31,1312.24,1288.48,1289.87,40599,0,15
2019.03.29,1291.03,1299.71,1286.66,1292.16,36253,0,8
2019.04.01,1292.15,1296.97,1286.37,1287.30,35818,0,14
2019.04.02,1287.35,1292.41,1285.24,1292.34,25835,0,12
2019.04.03,1292.19,1294.52,1288.34,1289.66,27327,0,14
2019.04.04,1290.39,1294.35,1280.88,1292.38,27632,0,13
2019.04.05,1292.74,1293.53,1284.35,1291.49,27455,0,13
2019.04.08,1292.17,1303.66,1291.39,1297.49,23309,0,10
2019.04.09,1297.78,1306.15,1296.55,1303.90,33090,0,13
2019.04.10,1304.36,1310.53,1300.90,1307.94,33655,0,15
2019.04.11,1308.05,1309.13,1289.53,1292.26,40410,0,15
2019.04.12,1292.42,1295.76,1290.01,1290.46,35036,0,9
2019.04.15,1291.22,1291.89,1282.43,1287.57,30511,0,11
2019.04.16,1287.82,1288.72,1272.89,1276.69,37582,0,15
2019.04.17,1276.72,1279.71,1272.93,1273.76,32860,0,13
2019.04.18,1274.26,1277.65,1271.09,1275.47,31394,0,12
2019.04.22,1275.72,1279.77,1273.74,1274.70,21624,0,15
2019.04.23,1275.25,1276.44,1266.21,1272.10,30666,0,14
2019.04.24,1272.14,1278.49,1268.72,1275.50,32797,0,14
2019.04.25,1275.62,1282.53,1273.31,1277.18,34181,0,12
2019.04.26,1277.33,1288.67,1274.15,1285.95,38920,0,10
2019.04.29,1285.92,1286.65,1278.01,1279.49,30175,0,11
2019.04.30,1279.91,1286.14,1279.85,1283.29,36375,0,9
2019.05.01,1283.13,1287.23,1272.83,1276.48,42936,0,8
2019.05.02,1277.06,1277.91,1266.20,1270.48,37990,0,12
2019.05.03,1270.52,1282.52,1268.13,1278.97,39549,0,15
2019.05.06,1282.56,1285.77,1276.93,1280.20,39892,0,12
2019.05.07,1281.33,1286.03,1278.13,1284.28,39904,0,12
2019.05.08,1283.91,1291.44,1279.27,1280.49,42097,0,13
2019.05.09,1281.23,1288.17,1279.56,1283.40,46217,0,15
2019.05.10,1284.43,1289.37,1283.11,1285.66,48490,0,14
2019.05.13,1287.13,1301.19,1281.90,1299.79,44745,0,15
2019.05.14,1300.59,1303.23,1293.65,1296.76,32675,0,12
2019.05.15,1297.04,1300.84,1292.99,1296.35,38680,0,15
2019.05.16,1296.45,1298.72,1283.97,1286.31,36934,0,14
2019.05.17,1286.54,1288.89,1274.72,1277.48,38861,0,15
2019.05.20,1278.29,1278.95,1273.61,1277.63,30684,0,15
2019.05.21,1277.54,1277.86,1269.41,1274.69,29422,0,13
2019.05.22,1274.50,1277.26,1272.43,1273.41,28455,0,10
2019.05.23,1273.64,1287.27,1272.78,1283.56,42712,0,14
2019.05.24,1283.49,1285.20,1280.71,1284.80,32122,0,12
2019.05.27,1285.21,1287.33,1283.72,1284.95,15551,0,14
2019.05.28,1285.20,1286.51,1276.09,1279.40,38161,0,12
2019.05.29,1279.39,1285.51,1279.11,1280.20,45534,0,15
2019.05.30,1280.00,1289.17,1274.95,1288.41,37312,0,10
2019.05.31,1288.29,1306.92,1287.93,1305.13,47039,0,12
2019.06.03,1306.59,1327.92,1306.49,1324.48,50885,0,13
2019.06.04,1324.89,1329.00,1319.87,1325.59,49993,0,15
2019.06.05,1325.24,1344.04,1324.49,1330.09,65031,0,9
2019.06.06,1332.17,1339.79,1327.18,1335.52,55111,0,15
2019.06.07,1335.90,1348.23,1330.23,1340.24,52484,0,15
2019.06.10,1334.62,1337.65,1325.03,1327.84,47974,0,15
2019.06.11,1328.06,1329.84,1319.83,1326.65,46762,0,15
2019.06.12,1326.87,1338.38,1325.98,1333.23,50814,0,15
2019.06.13,1333.66,1343.09,1332.38,1341.81,43496,0,15
2019.06.14,1342.27,1358.12,1337.73,1340.82,62043,0,15
2019.06.17,1341.76,1343.47,1332.93,1339.48,49206,0,15
2019.06.18,1340.04,1354.57,1338.59,1346.51,71328,0,15
2019.06.19,1346.14,1362.54,1341.31,1359.64,72466,0,15
2019.06.20,1359.47,1393.90,1357.65,1388.35,102246,0,15
2019.06.21,1387.40,1411.76,1382.48,1398.68,118183,0,15
2019.06.24,1399.87,1421.41,1399.42,1419.11,78266,0,15
2019.06.25,1418.00,1439.21,1411.82,1423.19,130617,0,15
2019.06.26,1419.69,1422.04,1401.82,1408.67,109233,0,15
2019.06.27,1407.94,1412.12,1398.59,1409.10,76489,0,15
2019.06.28,1408.70,1424.60,1405.63,1409.91,80301,0,15
2019.07.01,1391.67,1397.72,1381.66,1383.75,91450,0,15
2019.07.02,1383.94,1420.97,1383.74,1418.00,79268,0,15
2019.07.03,1422.59,1437.73,1411.96,1418.41,97900,0,15
2019.07.04,1420.14,1421.61,1410.13,1415.29,37381,0,15
2019.07.05,1416.39,1424.15,1386.63,1398.09,77113,0,15
2019.07.08,1399.09,1407.53,1391.68,1395.28,58768,0,15
2019.07.09,1394.69,1399.93,1385.69,1397.51,51415,0,15
2019.07.10,1395.68,1418.55,1389.81,1417.87,68331,0,15
2019.07.11,1419.07,1427.07,1400.73,1403.73,65404,0,15
2019.07.12,1404.51,1416.84,1403.08,1414.83,53268,0,15
2019.07.15,1416.52,1419.73,1407.63,1413.70,48080,0,15
2019.07.16,1414.44,1418.22,1400.68,1405.82,54713,0,15
2019.07.17,1406.48,1426.75,1400.01,1426.21,51546,0,15
2019.07.18,1426.30,1448.07,1414.56,1445.65,78476,0,15
2019.07.19,1448.13,1452.92,1420.13,1424.96,91707,0,15
2019.07.22,1426.44,1429.98,1422.18,1424.67,61460,0,15
2019.07.23,1424.71,1430.21,1414.13,1417.60,61934,0,15
2019.07.24,1417.19,1429.51,1416.27,1425.11,58410,0,15
2019.07.25,1425.24,1433.73,1411.00,1414.11,70765,0,15
2019.07.26,1414.84,1424.79,1413.40,1418.31,47512,0,15
2019.07.29,1420.75,1428.11,1414.80,1426.62,36670,0,15
2019.07.30,1425.73,1433.20,1422.26,1430.61,45064,0,15
2019.07.31,1430.57,1434.47,1410.17,1412.23,75264,0,15
2019.08.01,1415.85,1445.95,1400.44,1444.89,91909,0,15
2019.08.02,1445.59,1447.93,1430.29,1440.32,109809,0,15
2019.08.05,1440.29,1469.72,1436.67,1463.72,111163,0,15
2019.08.06,1467.57,1474.81,1456.33,1474.27,98081,0,15
2019.08.07,1474.58,1510.33,1472.18,1501.25,134373,0,15
2019.08.08,1498.84,1509.53,1489.97,1500.88,101100,0,15
2019.08.09,1506.34,1508.09,1494.74,1497.02,88737,0,15
2019.08.12,1496.05,1519.99,1487.20,1511.72,77110,0,15
2019.08.13,1510.51,1534.95,1479.77,1501.35,121062,0,15
2019.08.14,1501.62,1524.03,1493.78,1516.18,121466,0,14
2019.08.15,1518.59,1526.97,1507.81,1523.42,135399,0,14
2019.08.16,1521.85,1527.97,1503.63,1512.10,87768,0,14
2019.08.19,1509.43,1512.90,1493.18,1495.79,77501,0,14
2019.08.20,1496.54,1508.55,1492.93,1507.36,63548,0,14
2019.08.21,1506.52,1508.03,1496.43,1502.31,61239,0,14
2019.08.22,1501.86,1504.55,1492.43,1498.16,66041,0,14
2019.08.23,1498.54,1530.20,1493.47,1526.25,98456,0,14
2019.08.26,1545.74,1555.21,1524.93,1527.38,127966,0,14
2019.08.27,1527.27,1544.65,1525.63,1542.63,83672,0,14
2019.08.28,1540.96,1546.83,1531.79,1541.01,89182,0,14
2019.08.29,1539.02,1550.30,1519.52,1526.87,107263,0,14
2019.08.30,1527.53,1533.11,1516.93,1520.55,92368,0,14
2019.09.02,1529.39,1533.77,1519.22,1528.96,50614,0,14
2019.09.03,1526.91,1549.68,1521.61,1548.70,100722,0,14
2019.09.04,1546.53,1556.98,1533.78,1552.60,95612,0,14
2019.09.05,1551.44,1552.95,1506.19,1518.89,103092,0,14
2019.09.06,1518.45,1527.81,1502.47,1506.38,109340,0,14
2019.09.09,1503.51,1515.43,1497.54,1498.81,81607,0,14
2019.09.10,1498.32,1500.97,1484.45,1485.77,87411,0,14
2019.09.11,1486.28,1498.23,1485.99,1496.52,66314,0,14
2019.09.12,1496.74,1524.13,1489.16,1498.97,93718,0,14
2019.09.13,1497.62,1508.94,1485.71,1488.55,73329,0,14
2019.09.16,1500.71,1512.09,1495.83,1498.40,84660,0,14
2019.09.17,1498.49,1507.03,1493.39,1501.32,67403,0,14
2019.09.18,1501.47,1511.54,1482.97,1493.24,65272,0,14
2019.09.19,1492.89,1504.45,1488.92,1498.47,74260,0,14
2019.09.20,1499.19,1517.01,1497.89,1516.27,60729,0,14
2019.09.23,1512.63,1526.77,1511.48,1522.12,71616,0,14
2019.09.24,1523.09,1535.63,1515.55,1531.17,77381,0,14
2019.09.25,1533.29,1535.08,1500.40,1503.64,84604,0,14
2019.09.26,1503.66,1512.25,1500.25,1504.56,74798,0,14
2019.09.27,1503.95,1507.34,1486.79,1496.61,87365,0,14
2019.09.30,1496.25,1500.41,1464.43,1472.29,85679,0,14
2019.10.01,1472.93,1487.19,1459.03,1479.38,91422,0,14
2019.10.02,1480.06,1505.02,1474.44,1499.92,90625,0,14
2019.10.03,1498.96,1519.48,1495.76,1504.83,93063,0,14
2019.10.04,1506.04,1515.54,1495.77,1504.50,88317,0,14
2019.10.07,1508.53,1509.25,1487.97,1493.27,86523,0,14
2019.10.08,1493.37,1509.65,1486.81,1505.48,107974,0,14
2019.10.09,1506.45,1512.34,1499.80,1505.42,86218,0,14
2019.10.10,1505.70,1516.98,1491.02,1493.39,115499,0,14
2019.10.11,1494.46,1503.13,1473.93,1487.93,118368,0,14
2019.10.14,1486.43,1497.06,1482.77,1493.03,74909,0,14
2019.10.15,1492.37,1498.53,1477.13,1481.00,85309,0,14
2019.10.16,1481.09,1491.51,1476.96,1489.52,91869,0,14
2019.10.17,1489.99,1497.31,1483.37,1492.23,81532,0,14
2019.10.18,1491.98,1494.17,1484.81,1489.93,72019,0,14
2019.10.21,1491.65,1495.17,1481.42,1484.06,73746,0,14
2019.10.22,1484.53,1488.93,1480.78,1487.77,69834,0,14
2019.10.23,1487.93,1496.23,1487.62,1491.75,65293,0,14
2019.10.24,1491.33,1503.96,1487.93,1502.90,67974,0,14
2019.10.25,1503.03,1517.93,1500.55,1504.16,76377,0,14
2019.10.28,1503.29,1508.17,1489.93,1492.54,76826,0,14
2019.10.29,1491.81,1494.71,1483.33,1487.90,73054,0,14
2019.10.30,1487.39,1496.52,1481.08,1495.60,74557,0,14
2019.10.31,1495.77,1514.19,1493.89,1512.13,70127,0,14
2019.11.01,1512.49,1516.09,1503.22,1513.90,72696,0,14
2019.11.04,1512.69,1514.77,1504.34,1509.48,60931,0,14
2019.11.05,1508.83,1509.61,1479.31,1483.78,86931,0,14
2019.11.06,1483.71,1494.13,1482.91,1490.14,70392,0,14
2019.11.07,1489.79,1492.21,1460.46,1468.52,100691,0,14
2019.11.08,1468.11,1472.87,1456.12,1458.72,83604,0,14
2019.11.11,1460.22,1466.36,1448.15,1455.65,62464,0,14
2019.11.12,1454.99,1460.32,1445.57,1456.30,88273,0,14
2019.11.13,1457.29,1467.00,1456.64,1463.26,84024,0,14
2019.11.14,1463.99,1474.55,1461.07,1470.97,79413,0,14
2019.11.15,1471.22,1471.31,1462.37,1467.37,63220,0,14
2019.11.18,1467.85,1473.89,1456.28,1470.78,65688,0,14
2019.11.19,1470.65,1475.23,1464.72,1472.31,70981,0,15
2019.11.20,1473.67,1478.75,1465.88,1471.05,80216,0,14
2019.11.21,1474.90,1475.59,1462.28,1464.32,84627,0,14
2019.11.22,1464.37,1473.18,1461.25,1461.81,69819,0,14
2019.11.25,1460.39,1462.08,1454.00,1454.94,58527,0,14
2019.11.26,1454.94,1462.87,1450.02,1461.30,55649,0,14
2019.11.27,1461.11,1461.75,1452.45,1453.93,57103,0,14
2019.11.28,1455.75,1458.26,1454.16,1455.74,31775,0,16
2019.11.29,1455.39,1466.53,1452.94,1463.83,48203,0,14
2019.12.02,1462.43,1465.29,1453.89,1462.45,65523,0,14
2019.12.03,1461.61,1481.73,1459.78,1477.32,65924,0,14
2019.12.04,1476.47,1484.01,1471.35,1474.33,79731,0,14
2019.12.05,1474.37,1480.29,1472.86,1475.76,68940,0,14
2019.12.06,1476.04,1479.82,1458.66,1459.53,63328,0,14
2019.12.09,1458.58,1465.35,1458.48,1461.71,46080,0,16
2019.12.10,1461.41,1469.17,1459.95,1464.35,66086,0,14
2019.12.11,1464.16,1478.84,1462.63,1474.72,63369,0,14
2019.12.12,1474.89,1486.69,1463.89,1469.40,80536,0,14
2019.12.13,1466.57,1478.00,1461.73,1475.44,92543,0,14
2019.12.16,1474.85,1479.85,1473.09,1475.90,55769,0,14
2019.12.17,1475.89,1480.49,1474.12,1475.99,55358,0,10
2019.12.18,1475.76,1479.24,1470.38,1475.45,51047,0,14
2019.12.19,1475.30,1481.64,1473.19,1478.70,49593,0,10
2019.12.20,1478.94,1480.94,1475.78,1477.93,44501,0,12
2019.12.23,1477.96,1486.09,1477.46,1485.38,44323,0,10
2019.12.24,1485.20,1500.44,1484.33,1498.99,39618,0,14
2019.12.26,1503.27,1512.56,1502.27,1511.04,42592,0,14
2019.12.27,1510.77,1515.29,1507.28,1510.63,54172,0,14
2019.12.30,1511.16,1516.07,1510.70,1514.96,57637,0,10
2019.12.31,1514.63,1525.23,1514.54,1520.21,52009,0,14
2020.01.02,1520.26,1531.32,1518.38,1528.77,55524,0,14
2020.01.03,1528.25,1553.43,1527.86,1551.44,95044,0,14
2020.01.06,1575.89,1582.09,1560.70,1565.63,118721,0,14
2020.01.07,1564.53,1577.32,1555.23,1573.24,96091,0,7
2020.01.08,1575.99,1611.35,1552.22,1556.36,156878,0,7
2020.01.09,1554.75,1561.29,1540.20,1552.08,87919,0,7
2020.01.10,1552.91,1563.13,1545.73,1561.76,78711,0,7
2020.01.13,1559.55,1560.60,1546.51,1548.34,72777,0,7
2020.01.14,1548.13,1548.85,1535.96,1546.25,85110,0,7
2020.01.15,1546.37,1558.17,1546.27,1556.22,73629,0,7
2020.01.16,1555.18,1558.06,1547.98,1552.46,65408,0,7
2020.01.17,1552.29,1561.21,1549.33,1556.83,64606,0,7
2020.01.20,1559.00,1562.76,1556.35,1560.50,31344,0,7
2020.01.21,1560.88,1568.59,1546.30,1557.91,84727,0,7
2020.01.22,1558.01,1559.22,1550.15,1558.60,68635,0,7
2020.01.23,1558.55,1567.91,1551.85,1562.80,80486,0,7
2020.01.24,1561.79,1575.95,1556.49,1570.90,81710,0,7
2020.01.27,1580.71,1588.28,1575.87,1581.88,105097,0,7
2020.01.28,1580.91,1583.03,1565.44,1567.78,83057,0,7
2020.01.29,1568.65,1578.00,1563.35,1577.11,72438,0,7
2020.01.30,1575.25,1585.99,1572.22,1573.85,96702,0,7
2020.01.31,1575.06,1590.48,1570.87,1588.83,97516,0,7
2020.02.03,1588.65,1592.00,1569.28,1576.30,91040,0,7
2020.02.04,1578.56,1579.61,1548.97,1552.74,81029,0,7
2020.02.05,1553.18,1562.41,1547.38,1556.41,84219,0,7
2020.02.06,1554.67,1568.23,1552.46,1566.46,71100,0,7
2020.02.07,1565.81,1574.05,1560.08,1570.00,97707,0,7
2020.02.10,1569.27,1577.01,1567.96,1571.87,72137,0,8
2020.02.11,1572.09,1574.05,1561.92,1567.63,75255,0,7
2020.02.12,1567.49,1570.46,1561.95,1565.73,65805,0,7
2020.02.13,1566.13,1578.33,1565.51,1575.98,80200,0,7
2020.02.14,1575.91,1585.01,1573.02,1583.69,60275,0,7
2020.02.17,1581.25,1583.78,1578.85,1580.86,30617,0,7
2020.02.18,1583.69,1605.05,1583.23,1601.35,78332,0,7
2020.02.19,1601.17,1612.91,1599.53,1611.34,81876,0,7
2020.02.20,1610.97,1623.73,1603.84,1619.26,105222,0,7
2020.02.21,1619.70,1649.23,1618.92,1643.73,115265,0,7
2020.02.24,1659.37,1689.25,1650.83,1658.50,156168,0,7
2020.02.25,1657.47,1658.77,1624.98,1635.26,176551,0,7
2020.02.26,1638.13,1654.95,1624.73,1640.50,161690,0,7
2020.02.27,1641.12,1660.37,1635.19,1644.23,163430,0,7
2020.02.28,1641.91,1649.46,1562.93,1584.70,186323,0,7
2020.03.02,1581.79,1610.94,1575.31,1589.75,171570,0,7
2020.03.03,1590.45,1649.29,1589.58,1639.48,146391,0,7
2020.03.04,1642.09,1653.13,1631.81,1635.73,124231,0,7
2020.03.05,1636.57,1674.57,1634.97,1671.58,121017,0,7
2020.03.06,1671.61,1692.09,1641.97,1674.06,164891,0,7
2020.03.09,1695.92,1703.44,1657.41,1678.15,151869,0,7
2020.03.10,1667.73,1671.42,1641.49,1649.37,143340,0,7
2020.03.11,1651.93,1671.24,1632.94,1636.63,128334,0,7
2020.03.12,1640.10,1650.07,1560.59,1578.63,158775,0,7
2020.03.13,1576.30,1597.91,1504.62,1529.78,192149,0,2
2020.03.16,1543.04,1562.94,1451.13,1509.09,219115,0,2
2020.03.17,1511.75,1553.85,1465.42,1527.80,208552,0,2
2020.03.18,1537.29,1543.29,1472.61,1484.63,192152,0,2
2020.03.19,1485.30,1500.77,1461.89,1474.34,137143,0,2
2020.03.20,1467.47,1515.93,1465.83,1498.64,104650,0,5
2020.03.23,1490.20,1561.08,1485.00,1552.39,110268,0,2
2020.03.24,1563.45,1632.30,1557.62,1625.33,74427,0,2
2020.03.25,1630.56,1638.85,1594.95,1616.35,63879,0,2
2020.03.26,1612.40,1644.37,1595.26,1628.93,52710,0,2
2020.03.27,1630.20,1631.06,1613.83,1622.55,58020,0,0
2020.03.30,1619.97,1632.25,1610.39,1620.31,65237,0,2
2020.03.31,1621.75,1622.22,1574.19,1576.78,83749,0,2
2020.04.01,1571.41,1599.96,1569.33,1591.26,72363,0,2
2020.04.02,1590.36,1620.17,1582.65,1611.66,100031,0,2
2020.04.03,1614.39,1626.04,1605.85,1615.70,68469,0,0
2020.04.06,1614.62,1669.88,1608.35,1658.19,94932,0,2
2020.04.07,1664.81,1674.02,1642.16,1647.94,113280,0,2
2020.04.08,1647.27,1656.87,1641.58,1645.40,70588,0,18
2020.04.09,1645.41,1690.43,1643.86,1683.56,100976,0,18
2020.04.13,1677.47,1723.27,1674.98,1711.98,79657,0,18
2020.04.14,1712.25,1747.40,1708.56,1726.54,121755,0,18
2020.04.15,1726.54,1731.11,1707.52,1716.50,101927,0,18
2020.04.16,1716.49,1738.66,1708.01,1718.38,120139,0,18
2020.04.17,1718.48,1718.52,1680.10,1682.14,126136,0,18
2020.04.20,1683.02,1702.70,1671.55,1695.28,149666,0,18
2020.04.21,1695.40,1697.86,1660.03,1683.54,159877,0,18
2020.04.22,1683.79,1718.74,1680.29,1714.87,96972,0,18
2020.04.23,1714.66,1738.78,1707.00,1730.31,135452,0,18
2020.04.24,1730.56,1736.35,1710.36,1726.41,124540,0,18
2020.04.27,1722.32,1727.59,1705.87,1714.94,122739,0,18
2020.04.28,1714.90,1716.16,1691.54,1707.65,120584,0,18
2020.04.29,1708.02,1717.67,1697.76,1712.89,123365,0,18
2020.04.30,1712.95,1721.72,1681.24,1685.98,131530,0,18
2020.05.01,1686.02,1705.47,1670.40,1699.60,146791,0,18
2020.05.04,1698.03,1713.44,1691.64,1701.00,90399,0,18
2020.05.05,1701.13,1712.04,1689.63,1704.71,93525,0,18
2020.05.06,1704.51,1708.06,1681.14,1685.19,86078,0,18
2020.05.07,1685.19,1722.01,1684.14,1715.25,93033,0,18
2020.05.08,1715.52,1723.60,1701.09,1702.09,112340,0,18
2020.05.11,1702.38,1711.80,1691.53,1697.64,112436,0,18
2020.05.12,1697.67,1710.95,1693.61,1702.26,101722,0,18
2020.05.13,1702.09,1718.08,1698.93,1715.30,133767,0,18
2020.05.14,1715.31,1736.39,1711.00,1730.06,124146,0,18
2020.05.15,1730.06,1751.68,1728.61,1741.85,144595,0,18
2020.05.18,1747.36,1765.08,1727.50,1732.20,145651,0,18
2020.05.19,1732.05,1748.03,1725.60,1744.24,150585,0,18
2020.05.20,1744.07,1753.80,1742.30,1747.21,120833,0,18
2020.05.21,1747.24,1748.79,1717.10,1726.76,126972,0,18
2020.05.22,1726.70,1740.09,1724.25,1735.45,99319,0,18
2020.05.25,1732.11,1733.34,1721.55,1728.22,64718,0,18
2020.05.26,1726.06,1735.41,1708.65,1710.31,112094,0,18
2020.05.27,1710.41,1715.99,1693.62,1709.57,91160,0,0
2020.05.28,1709.27,1727.57,1707.27,1718.68,91368,0,5
2020.05.29,1719.54,1737.69,1712.75,1730.41,86023,0,5
2020.06.01,1735.40,1744.51,1726.84,1739.48,86512,0,5
2020.06.02,1737.81,1745.09,1721.30,1727.45,83030,0,5
2020.06.03,1727.04,1731.75,1689.21,1698.26,97747,0,5
2020.06.04,1699.17,1721.73,1696.99,1712.80,90044,0,5
2020.06.05,1714.75,1716.04,1670.55,1684.30,107874,0,5
2020.06.08,1680.52,1700.67,1677.22,1698.39,86257,0,5
2020.06.09,1700.09,1720.83,1692.11,1714.16,95378,0,5
2020.06.10,1715.38,1739.75,1708.20,1737.83,97211,0,5
2020.06.11,1737.94,1744.63,1721.27,1728.56,113901,0,5
2020.06.12,1729.22,1743.03,1722.14,1730.57,99214,0,5
2020.06.15,1730.76,1734.13,1704.11,1725.24,114171,0,5
2020.06.16,1725.27,1732.84,1716.41,1726.41,101815,0,5
2020.06.17,1725.00,1730.23,1712.60,1726.19,75069,0,5
2020.06.18,1725.79,1737.59,1717.30,1722.48,80514,0,5
2020.06.19,1722.81,1745.28,1721.17,1742.26,74320,0,5
2020.06.22,1747.68,1763.20,1742.74,1754.55,94028,0,5
2020.06.23,1753.97,1771.07,1747.29,1766.95,91526,0,5
2020.06.24,1769.08,1779.43,1760.68,1761.28,97480,0,5
2020.06.25,1759.56,1768.87,1755.26,1763.63,80846,0,5
2020.06.26,1764.15,1772.03,1747.43,1769.57,77404,0,5
2020.06.29,1770.32,1775.43,1765.61,1772.60,65040,0,5
2020.06.30,1771.90,1785.94,1764.69,1780.54,64578,0,5
2020.07.01,1781.61,1789.08,1759.22,1769.84,83087,0,5
2020.07.02,1771.40,1779.39,1757.43,1774.97,71827,0,5
2020.07.03,1776.49,1777.10,1772.66,1774.90,30087,0,5
2020.07.06,1773.37,1787.00,1769.86,1784.25,60393,0,5
2020.07.07,1785.22,1797.34,1773.47,1794.60,71877,0,5
2020.07.08,1795.13,1817.92,1791.52,1808.45,69808,0,5
2020.07.09,1809.37,1815.91,1795.42,1802.32,76806,0,5
2020.07.10,1802.06,1810.43,1793.98,1798.57,62639,0,5
2020.07.13,1799.11,1813.31,1797.73,1802.27,71138,0,5
2020.07.14,1802.13,1810.84,1790.63,1808.99,80509,0,5
2020.07.15,1807.97,1815.04,1802.45,1809.97,65442,0,5
2020.07.16,1810.53,1813.29,1794.90,1796.84,63581,0,5
2020.07.17,1798.09,1811.95,1795.75,1809.68,48289,0,5
2020.07.20,1808.04,1820.53,1805.62,1817.21,69408,0,5
2020.07.21,1817.92,1843.47,1815.59,1841.48,84616,0,5
2020.07.22,1840.95,1872.02,1840.74,1871.22,126022,0,5
2020.07.23,1873.97,1898.36,1863.64,1885.97,137686,0,5
2020.07.24,1889.65,1906.50,1881.29,1901.63,97339,0,5
2020.07.27,1902.64,1945.62,1902.54,1940.96,137360,0,5
2020.07.28,1943.28,1981.16,1906.63,1957.98,162655,0,5
2020.07.29,1962.16,1980.75,1941.33,1970.82,110719,0,5
2020.07.30,1971.04,1971.32,1939.44,1957.54,124775,0,5
2020.07.31,1955.50,1983.97,1955.33,1975.02,123851,0,5
2020.08.03,1983.53,1984.90,1960.39,1975.98,93017,0,5
2020.08.04,1977.36,2019.82,1966.66,2018.53,99875,0,5
2020.08.05,2021.19,2055.57,2009.39,2038.96,153351,0,5
2020.08.06,2040.28,2069.74,2034.44,2063.25,135426,0,5
2020.08.07,2066.55,2074.87,2015.37,2033.15,188063,0,5
2020.08.10,2026.31,2049.85,2019.15,2027.61,134556,0,5
2020.08.11,2026.64,2029.92,1901.25,1912.57,198468,0,5
2020.08.12,1915.36,1949.48,1862.58,1918.98,193909,0,5
2020.08.13,1919.72,1966.16,1912.66,1953.64,155604,0,5
2020.08.14,1951.38,1962.37,1932.07,1943.57,134787,0,5
2020.08.17,1944.91,1990.68,1929.40,1984.43,137410,0,5
2020.08.18,1983.17,2015.57,1975.86,2002.22,149175,0,5
2020.08.19,2005.10,2006.37,1924.51,1927.66,168877,0,5
2020.08.20,1931.52,1955.26,1924.54,1946.17,169910,0,5
2020.08.21,1948.08,1955.97,1911.26,1938.98,149830,0,5
2020.08.24,1936.69,1961.88,1923.74,1928.38,131802,0,5
2020.08.25,1930.34,1937.49,1914.19,1926.87,131524,0,5
2020.08.26,1928.28,1954.82,1902.64,1953.14,134650,0,5
2020.08.27,1951.92,1976.53,1909.79,1928.32,159239,0,5
2020.08.28,1929.98,1973.78,1923.15,1964.34,148365,0,5
2020.08.31,1969.07,1976.54,1954.23,1968.22,99691,0,5
2020.09.01,1968.35,1992.29,1963.35,1970.63,110904,0,5
2020.09.02,1968.21,1973.26,1932.39,1943.08,115889,0,5
2020.09.03,1942.01,1950.94,1921.75,1930.45,121698,0,5
2020.09.04,1931.28,1948.36,1916.27,1933.09,122132,0,5
2020.09.07,1932.07,1941.37,1924.44,1928.29,53826,0,5
2020.09.08,1929.54,1940.84,1906.54,1931.51,127513,0,5
2020.09.09,1931.59,1950.84,1919.95,1947.37,106929,0,5
2020.09.10,1946.30,1966.53,1941.35,1946.01,125077,0,5
2020.09.11,1946.32,1954.80,1937.12,1940.48,115707,0,5
2020.09.14,1937.74,1962.56,1937.36,1956.52,94840,0,5
2020.09.15,1957.68,1972.21,1948.29,1953.34,101514,0,5
2020.09.16,1954.52,1973.64,1949.87,1959.15,114101,0,5
2020.09.17,1959.47,1960.96,1932.87,1944.20,116066,0,5
2020.09.18,1944.43,1960.10,1943.93,1950.42,104181,0,5
2020.09.21,1949.75,1955.62,1882.71,1911.92,140739,0,5
2020.09.22,1914.34,1920.03,1894.64,1900.34,138128,0,5
2020.09.23,1900.62,1905.39,1855.67,1862.74,170439,0,5
2020.09.24,1863.96,1877.15,1848.75,1868.66,185366,0,5
2020.09.25,1869.77,1875.18,1852.37,1860.14,143312,0,5
2020.09.28,1862.90,1882.96,1848.93,1881.84,121920,0,5
2020.09.29,1881.24,1899.12,1875.49,1897.48,121758,0,5
2020.09.30,1897.69,1902.27,1881.34,1885.23,124684,0,5
2020.10.01,1887.32,1912.12,1884.67,1905.94,129822,0,5
2020.10.02,1904.72,1917.10,1889.76,1900.58,110455,0,5
2020.10.05,1903.47,1918.73,1887.05,1913.65,96742,0,5
2020.10.06,1911.96,1921.09,1876.78,1877.56,103229,0,5
2020.10.07,1877.88,1898.01,1872.94,1887.83,94014,0,5
2020.10.08,1887.27,1900.62,1882.00,1893.50,89931,0,5
2020.10.09,1893.93,1930.41,1893.58,1929.87,93245,0,5
2020.10.12,1926.89,1933.18,1918.20,1922.63,89130,0,5
2020.10.13,1923.88,1925.37,1886.37,1891.07,98934,0,5
2020.10.14,1892.95,1912.94,1882.46,1900.49,88039,0,5
2020.10.15,1901.54,1908.90,1889.48,1907.92,100016,0,5
2020.10.16,1908.74,1913.92,1897.76,1898.76,79358,0,5
2020.10.19,1899.71,1918.47,1896.98,1903.44,81201,0,5
2020.10.20,1903.50,1914.03,1894.81,1907.53,80173,0,5
2020.10.21,1910.14,1931.36,1908.41,1924.60,87121,0,5
2020.10.22,1924.65,1925.94,1894.50,1903.67,83858,0,5
2020.10.23,1904.81,1914.19,1894.29,1901.41,72918,0,5
2020.10.26,1901.37,1908.52,1891.21,1901.68,84997,0,5
2020.10.27,1902.06,1911.42,1897.84,1907.35,70872,0,5
2020.10.28,1907.75,1910.87,1869.36,1876.81,107560,0,5
2020.10.29,1877.70,1884.97,1859.92,1867.11,101170,0,5
2020.10.30,1869.10,1889.79,1864.45,1878.37,102452,0,5
2020.11.02,1879.27,1896.02,1873.41,1895.06,91898,0,5
2020.11.03,1894.95,1910.55,1886.86,1908.94,83912,0,5
2020.11.04,1909.17,1916.31,1881.82,1903.27,138750,0,5
2020.11.05,1903.22,1952.76,1902.45,1949.17,136181,0,5
2020.11.06,1946.29,1960.29,1935.59,1951.81,129291,0,5
2020.11.09,1957.18,1965.46,1850.52,1863.13,178171,0,5
2020.11.10,1860.97,1890.35,1860.69,1877.39,145814,0,5
2020.11.11,1875.53,1884.41,1856.43,1865.50,110216,0,5
2020.11.12,1866.76,1883.81,1862.69,1876.71,108861,0,5
2020.11.13,1877.12,1896.75,1873.97,1889.28,91972,0,5
2020.11.16,1887.89,1899.01,1864.46,1888.66,117953,0,5
2020.11.17,1889.50,1893.43,1876.84,1880.19,92151,0,5
2020.11.18,1881.56,1884.82,1863.47,1871.97,88323,0,5
2020.11.19,1873.83,1874.13,1852.69,1866.84,88459,0,5
2020.11.20,1861.33,1879.75,1860.76,1870.90,69867,0,5
2020.11.23,1870.86,1876.14,1830.95,1837.49,90322,0,5
2020.11.24,1838.68,1838.95,1800.25,1807.71,115098,0,5
2020.11.25,1807.66,1817.63,1801.73,1807.07,80615,0,5
2020.11.26,1809.01,1818.22,1805.70,1810.20,48151,0,5
2020.11.27,1810.24,1813.88,1774.33,1786.76,77501,0,5
2020.11.30,1789.31,1789.86,1764.38,1777.64,99038,0,5
2020.12.01,1776.97,1817.27,1775.74,1815.42,84421,0,5
2020.12.02,1812.97,1832.55,1807.43,1830.72,80494,0,5
2020.12.03,1829.36,1843.91,1823.64,1840.98,89559,0,5
2020.12.04,1841.28,1848.17,1829.11,1838.60,74001,0,5
2020.12.07,1836.86,1868.50,1821.99,1863.10,80761,0,5
2020.12.08,1862.91,1875.28,1860.17,1870.83,75510,0,5
2020.12.09,1869.35,1870.53,1825.40,1839.41,99377,0,5
2020.12.10,1838.49,1849.98,1828.62,1835.96,90853,0,5
2020.12.11,1837.03,1847.66,1823.91,1839.91,75786,0,5
2020.12.14,1837.07,1839.02,1818.34,1827.82,77212,0,5
2020.12.15,1828.40,1855.32,1825.46,1853.67,74189,0,5
2020.12.16,1853.88,1865.77,1844.71,1864.06,101568,0,5
2020.12.17,1863.46,1896.19,1862.01,1886.04,95207,0,5
2020.12.18,1884.71,1889.58,1877.38,1880.55,78474,0,5
2020.12.21,1882.51,1906.70,1854.99,1876.25,133851,0,5
2020.12.22,1879.31,1884.21,1858.93,1859.91,101321,0,5
2020.12.23,1861.01,1878.56,1857.06,1872.63,98019,0,5
2020.12.24,1873.39,1883.46,1869.50,1879.30,55919,0,5
2020.12.28,1888.40,1900.20,1869.12,1873.05,85663,0,5
2020.12.29,1875.23,1886.44,1871.71,1878.17,75438,0,5
2020.12.30,1877.31,1894.04,1876.08,1893.81,63365,0,5
2020.12.31,1893.47,1900.38,1885.41,1893.68,64248,0,5
2021.01.04,1909.07,1944.43,1907.72,1943.23,110285,0,5
2021.01.05,1941.49,1953.09,1934.31,1950.03,95998,0,5
2021.01.06,1949.89,1959.29,1900.83,1918.79,143511,0,5
2021.01.07,1920.94,1927.64,1906.77,1913.51,105316,0,5
2021.01.08,1916.18,1917.48,1828.27,1849.04,155562,0,5
2021.01.11,1854.74,1855.59,1817.00,1844.45,120645,0,5
2021.01.12,1847.51,1863.80,1836.70,1855.31,105679,0,5
2021.01.13,1855.04,1862.94,1841.91,1844.68,88213,0,5
2021.01.14,1847.51,1857.45,1830.94,1846.46,102850,0,5
2021.01.15,1847.79,1856.85,1823.39,1827.65,125252,0,5
2021.01.18,1828.39,1840.72,1810.29,1837.52,89033,0,5
2021.01.19,1838.41,1845.51,1833.12,1839.63,109648,0,5
2021.01.20,1840.51,1871.73,1832.49,1871.42,125615,0,5
2021.01.21,1871.58,1875.01,1858.32,1869.80,118950,0,5
2021.01.22,1869.76,1870.81,1837.40,1854.67,132569,0,5
2021.01.25,1858.02,1867.93,1847.11,1855.94,137306,0,5
2021.01.26,1855.26,1861.73,1848.40,1851.43,110758,0,5
2021.01.27,1851.58,1853.11,1831.35,1843.83,143666,0,5
2021.01.28,1842.66,1864.00,1834.00,1842.61,171059,0,5
2021.01.29,1843.12,1875.69,1839.59,1847.59,192328,0,5
2021.02.01,1855.57,1871.78,1849.15,1860.55,220293,0,5
2021.02.02,1859.37,1864.05,1829.53,1837.65,180506,0,5
2021.02.03,1837.38,1844.98,1829.81,1834.21,128024,0,5
2021.02.04,1834.12,1834.74,1784.90,1793.12,158695,0,5
2021.02.05,1795.17,1815.20,1791.98,1813.40,127304,0,5
2021.02.08,1817.35,1839.19,1807.77,1830.13,136422,0,5
2021.02.09,1830.87,1848.56,1828.83,1837.64,123760,0,5
2021.02.10,1838.59,1855.31,1834.05,1842.35,123670,0,5
2021.02.11,1843.91,1847.54,1821.20,1825.47,105907,0,5
2021.02.12,1826.11,1830.68,1810.52,1824.17,110731,0,5
2021.02.15,1824.88,1827.02,1816.07,1818.72,71964,0,5
2021.02.16,1819.62,1826.42,1789.48,1794.56,149750,0,5
2021.02.17,1792.65,1795.15,1769.47,1776.70,153764,0,5
2021.02.18,1776.95,1789.62,1768.42,1775.44,148265,0,5
2021.02.19,1776.46,1791.63,1760.64,1783.05,159459,0,5
2021.02.22,1786.78,1812.69,1780.68,1809.04,177046,0,5
2021.02.23,1809.40,1816.01,1795.60,1805.07,158899,0,5
2021.02.24,1806.60,1813.94,1783.63,1805.33,162824,0,5
2021.02.25,1803.65,1804.23,1765.28,1770.25,225865,0,5
2021.02.26,1772.25,1775.76,1717.18,1733.84,243495,0,5
2021.03.01,1737.79,1759.89,1719.63,1724.79,188016,0,5
2021.03.02,1723.03,1738.77,1707.20,1738.77,181720,0,5
2021.03.03,1738.15,1740.49,1701.86,1711.71,175583,0,5
2021.03.04,1710.88,1723.19,1690.54,1698.60,218170,0,5
2021.03.05,1697.83,1707.62,1687.28,1700.76,192230,0,5
2021.03.08,1706.24,1714.29,1676.82,1682.53,185032,0,5
2021.03.09,1684.52,1720.58,1680.12,1715.59,160257,0,5
2021.03.10,1715.33,1726.57,1708.20,1726.33,149898,0,5
2021.03.11,1726.56,1739.82,1719.27,1722.38,142465,0,5
2021.03.12,1721.63,1727.96,1699.21,1726.92,149733,0,5
2021.03.15,1728.56,1734.54,1721.66,1732.11,132634,0,5
2021.03.16,1731.86,1741.21,1726.25,1731.85,125856,0,5
2021.03.17,1732.35,1751.63,1724.17,1744.54,136197,0,5
2021.03.18,1748.74,1755.46,1719.25,1736.49,161388,0,5
2021.03.19,1735.77,1746.72,1728.50,1745.14,139589,0,5
2021.03.22,1743.80,1744.33,1727.39,1738.68,129700,0,5
2021.03.23,1739.58,1742.60,1724.68,1726.89,126605,0,5
2021.03.24,1727.15,1738.47,1723.79,1733.83,111264,0,5
2021.03.25,1734.91,1745.43,1721.76,1726.98,131827,0,5
2021.03.26,1727.94,1736.65,1721.63,1732.70,105918,0,5
2021.03.29,1731.17,1732.84,1705.65,1711.81,109038,0,5
2021.03.30,1712.68,1714.36,1678.77,1685.06,135333,0,5
2021.03.31,1684.83,1715.34,1677.86,1707.70,130802,0,5
2021.04.01,1707.40,1730.40,1705.76,1729.49,115912,0,5
2021.04.05,1728.66,1733.57,1721.25,1728.36,88124,0,5
2021.04.06,1728.71,1745.47,1727.16,1743.06,109667,0,5
2021.04.07,1743.28,1744.32,1730.57,1737.57,103223,0,5
2021.04.08,1737.56,1758.66,1733.14,1756.14,102546,0,5
2021.04.09,1755.65,1757.32,1731.26,1743.46,110017,0,5
2021.04.12,1742.71,1745.00,1727.48,1732.34,110257,0,5
2021.04.13,1733.23,1748.99,1723.70,1745.39,122156,0,5
2021.04.14,1745.66,1749.31,1732.58,1736.25,106297,0,5
2021.04.15,1736.26,1769.68,1734.35,1763.50,103270,0,5
2021.04.16,1763.97,1783.79,1759.72,1776.67,100215,0,5
2021.04.19,1775.67,1790.03,1766.76,1770.78,113432,0,5
2021.04.20,1770.90,1780.41,1763.53,1778.55,110180,0,5
2021.04.21,1778.16,1797.63,1776.24,1793.92,102562,0,5
2021.04.22,1793.95,1797.88,1777.45,1784.36,104081,0,5
2021.04.23,1784.16,1795.95,1770.01,1776.48,102335,0,5
2021.04.26,1775.48,1783.50,1768.84,1781.39,95870,0,5
2021.04.27,1781.27,1785.55,1773.76,1776.70,90326,0,0
2021.04.28,1776.99,1782.54,1762.62,1781.47,104594,0,0
2021.04.29,1781.96,1789.98,1756.19,1772.28,105898,0,0
2021.04.30,1772.61,1773.62,1764.24,1768.97,97490,0,0
2021.05.03,1766.81,1797.91,1766.04,1793.04,90768,0,0
2021.05.04,1792.58,1799.09,1771.01,1779.28,107458,0,0
2021.05.05,1778.34,1787.97,1770.49,1787.66,86898,0,0
2021.05.06,1786.80,1818.12,1782.00,1815.22,110093,0,0
2021.05.07,1814.64,1843.30,1812.85,1830.85,126630,0,0
2021.05.10,1833.04,1845.49,1829.97,1835.54,124892,0,0
2021.05.11,1836.07,1841.80,1818.09,1836.80,120851,0,0
2021.05.12,1836.83,1843.68,1813.24,1816.11,137693,0,0
2021.05.13,1814.87,1828.80,1808.77,1826.93,122267,0,0
2021.05.14,1827.12,1845.93,1819.77,1842.56,101155,0,0
2021.05.17,1843.52,1868.41,1843.52,1866.65,105152,0,0
2021.05.18,1866.69,1875.03,1863.20,1869.64,95130,0,0
2021.05.19,1869.12,1890.09,1852.23,1870.15,155875,0,0
2021.05.20,1870.06,1883.94,1863.86,1877.28,147676,0,0
2021.05.21,1877.79,1889.41,1870.10,1881.74,139975,0,0
2021.05.24,1881.41,1887.02,1875.17,1881.35,128610,0,0
2021.05.25,1880.78,1900.21,1872.71,1899.18,121916,0,0
2021.05.26,1898.77,1912.74,1890.77,1896.50,122351,0,0
2021.05.27,1896.45,1903.67,1888.28,1896.43,124764,0,0
2021.05.28,1897.40,1905.95,1882.27,1903.18,131825,0,0
2021.05.31,1903.74,1910.65,1902.14,1906.62,68155,0,0
2021.06.01,1907.26,1916.58,1892.37,1899.87,123400,0,0
2021.06.02,1899.65,1909.09,1894.37,1908.66,106790,0,0
2021.06.03,1908.45,1909.64,1865.37,1870.70,132560,0,0
2021.06.04,1871.33,1896.14,1855.50,1891.51,127130,0,0
2021.06.07,1890.19,1900.13,1881.57,1898.78,104532,0,0
2021.06.08,1899.10,1903.67,1883.84,1893.06,105052,0,0
2021.06.09,1891.72,1898.95,1887.33,1888.89,97129,0,0
2021.06.10,1888.89,1899.86,1869.84,1899.64,126781,0,0
2021.06.11,1898.15,1903.03,1874.44,1876.16,118817,0,0
2021.06.14,1876.07,1877.62,1844.77,1866.31,118581,0,0
2021.06.15,1867.53,1869.16,1851.65,1858.89,94645,0,0
2021.06.16,1859.13,1862.91,1803.33,1810.21,112002,0,0
2021.06.17,1813.54,1825.33,1767.30,1772.78,186319,0,0
2021.06.18,1775.49,1797.14,1760.91,1764.52,136136,0,0
2021.06.21,1768.64,1786.61,1766.40,1783.25,142895,0,0
2021.06.22,1784.05,1790.09,1772.44,1778.63,126279,0,0
2021.06.23,1779.76,1794.95,1773.33,1778.40,104888,0,0
2021.06.24,1778.61,1787.97,1772.85,1774.96,110374,0,0
2021.06.25,1776.26,1790.34,1773.70,1781.11,94761,0,0
2021.06.28,1781.24,1785.74,1770.67,1779.03,87814,0,0
2021.06.29,1778.60,1778.96,1750.69,1761.08,81852,0,0
2021.06.30,1762.09,1774.39,1753.33,1769.65,80009,0,0
2021.07.01,1770.03,1782.78,1765.64,1776.52,74755,0,0
2021.07.02,1776.28,1795.04,1774.33,1787.33,79540,0,0
2021.07.05,1787.11,1794.34,1784.47,1791.73,40542,0,0
2021.07.06,1791.27,1814.97,1790.11,1797.05,88151,0,0
2021.07.07,1796.31,1809.72,1793.85,1803.59,83421,0,0
2021.07.08,1803.68,1818.33,1793.83,1802.35,105013,0,0
2021.07.09,1802.94,1812.33,1796.38,1808.04,77370,0,0
2021.07.12,1807.97,1810.82,1791.65,1806.17,66869,0,0
2021.07.13,1806.26,1817.14,1798.60,1807.14,78097,0,0
2021.07.14,1807.95,1829.73,1804.55,1827.99,80677,0,0
2021.07.15,1827.44,1834.07,1820.22,1829.45,76139,0,0
2021.07.16,1829.87,1832.00,1808.96,1811.51,90910,0,0
2021.07.19,1811.29,1817.27,1794.98,1812.61,117655,0,5
2021.07.20,1812.65,1824.92,1805.10,1810.24,103742,0,5
2021.07.21,1810.40,1813.74,1794.68,1803.42,94121,0,5
2021.07.22,1803.83,1808.04,1792.74,1806.42,92708,0,5
2021.07.23,1806.98,1810.30,1789.63,1801.93,83504,0,5
2021.07.26,1802.26,1811.46,1796.38,1797.65,90431,0,5
2021.07.27,1797.99,1805.22,1793.60,1798.47,88456,0,5
2021.07.28,1800.52,1809.82,1792.36,1807.11,91748,0,5
2021.07.29,1807.34,1832.62,1807.22,1827.79,89520,0,5
2021.07.30,1828.79,1831.34,1810.20,1814.28,81091,0,5
2021.08.02,1814.60,1819.51,1805.78,1813.11,88661,0,5
2021.08.03,1813.49,1814.99,1807.12,1810.12,71014,0,5
2021.08.04,1810.26,1831.65,1806.40,1811.60,81473,0,5
2021.08.05,1812.03,1814.81,1797.83,1803.73,76504,0,5
2021.08.06,1804.65,1804.72,1758.65,1763.18,90320,0,5
2021.08.09,1761.08,1762.27,1683.20,1729.58,123735,0,5
2021.08.10,1728.91,1738.27,1717.71,1728.74,88755,0,5
2021.08.11,1729.71,1754.37,1724.08,1751.50,91167,0,5
2021.08.12,1751.32,1758.15,1741.58,1752.86,77872,0,5
2021.08.13,1753.17,1779.79,1751.69,1779.70,73095,0,5
2021.08.16,1779.08,1789.28,1770.80,1787.24,84258,0,5
2021.08.17,1787.22,1795.46,1780.53,1785.80,84021,0,5
2021.08.18,1786.30,1793.75,1777.32,1787.68,84606,0,5
2021.08.19,1787.37,1792.44,1774.41,1780.00,95481,0,5
2021.08.20,1780.14,1788.37,1778.33,1780.94,74472,0,5
2021.08.23,1781.52,1806.42,1776.44,1805.18,81054,0,5
2021.08.24,1805.41,1809.51,1800.70,1802.83,68351,0,5
2021.08.25,1802.42,1802.78,1782.57,1790.33,71904,0,5
2021.08.26,1791.03,1798.12,1780.07,1791.69,66655,0,5
2021.08.27,1792.42,1819.09,1784.01,1817.85,73792,0,5
2021.08.30,1818.18,1823.24,1807.76,1810.13,51256,0,5
2021.08.31,1810.00,1819.15,1801.71,1814.26,69797,0,5
2021.09.01,1814.47,1820.03,1808.72,1813.77,66557,0,5
2021.09.02,1813.97,1817.15,1804.86,1809.55,48158,0,5
2021.09.03,1809.49,1833.95,1808.94,1827.59,64900,0,5
2021.09.06,1828.29,1830.24,1821.42,1823.14,30435,0,5
2021.09.07,1823.53,1827.22,1792.04,1793.92,65120,0,5
2021.09.08,1795.12,1802.11,1782.43,1789.29,69657,0,5
2021.09.09,1789.54,1800.90,1783.86,1794.36,69299,0,5
2021.09.10,1793.87,1803.77,1787.24,1787.81,64121,0,5
2021.09.13,1787.35,1798.43,1783.64,1793.37,53287,0,5
2021.09.14,1793.38,1808.58,1779.60,1804.69,68253,0,5
2021.09.15,1803.86,1806.94,1790.75,1793.73,71910,0,5
2021.09.16,1794.12,1796.20,1745.24,1752.72,92224,0,5
2021.09.17,1753.57,1767.47,1747.38,1753.92,93996,0,5
2021.09.20,1754.22,1767.05,1742.07,1764.82,96288,0,5
2021.09.21,1764.46,1781.69,1757.97,1773.89,77017,0,5
2021.09.22,1774.86,1787.21,1764.72,1767.99,95213,0,5
2021.09.23,1768.62,1776.56,1737.43,1742.48,94004,0,5
2021.09.24,1744.64,1757.71,1740.49,1749.72,73477,0,5
2021.09.27,1749.81,1760.82,1744.84,1750.15,90252,0,5
2021.09.28,1750.67,1754.49,1728.10,1733.53,109052,0,5
2021.09.29,1734.20,1745.48,1721.65,1726.46,99056,0,5
2021.09.30,1726.64,1764.12,1722.24,1757.16,101418,0,5
2021.10.01,1755.82,1764.28,1749.77,1760.15,93635,0,5
2021.10.04,1760.79,1770.50,1747.79,1769.35,94390,0,5
2021.10.05,1768.61,1769.33,1748.66,1759.87,84128,0,5
2021.10.06,1760.02,1765.03,1745.95,1762.87,94004,0,5
2021.10.07,1762.95,1766.91,1751.97,1754.91,76394,0,5
2021.10.08,1755.94,1781.27,1753.45,1757.10,95076,0,5
2021.10.11,1756.97,1760.97,1750.18,1754.11,75370,0,5
2021.10.12,1753.79,1769.31,1750.80,1760.19,85568,0,5
2021.10.13,1760.70,1796.15,1757.91,1792.75,102178,0,5
2021.10.14,1793.03,1800.57,1786.75,1795.92,79665,0,5
2021.10.15,1796.02,1796.47,1764.93,1767.42,91079,0,5
2021.10.18,1767.18,1772.04,1760.31,1764.53,100833,0,5
2021.10.19,1764.93,1785.11,1763.00,1768.99,95022,0,5
2021.10.20,1769.43,1788.44,1766.90,1782.06,94540,0,5
2021.10.21,1782.65,1789.44,1776.53,1783.32,98030,0,5
2021.10.22,1783.37,1813.79,1782.89,1792.67,109808,0,5
2021.10.25,1792.93,1809.99,1792.25,1807.43,95376,0,5
2021.10.26,1807.45,1808.39,1782.45,1793.00,89761,0,5
2021.10.27,1793.08,1799.05,1783.54,1796.89,98026,0,5
2021.10.28,1796.75,1810.38,1792.25,1798.81,111028,0,5
2021.10.29,1799.49,1801.20,1771.98,1782.98,118861,0,5
2021.11.01,1783.36,1795.79,1779.12,1793.20,88126,0,5
2021.11.02,1792.82,1796.40,1786.41,1787.84,80400,0,5
2021.11.03,1787.63,1788.20,1758.07,1769.89,95424,0,5
2021.11.04,1771.35,1798.90,1770.86,1791.71,89121,0,5
2021.11.05,1791.11,1818.27,1785.10,1817.84,98757,0,5